,0,1,2,3,4,5,6,7,8,9,10,11,12,13,14,15,16,17,18,19,20,21,22,23,24,25,26,27,28,29,30,31,32,33,34,35,36,37,38,39,40,41,42,43,44,45,46,47,48,49,50,51,52,53,54,55,56,57,58,59,Clase
0,44.0,7.0,117.0,24.0,19.0,39.0,27.0,132.0,44.0,108.0,84.0,120.0,48.0,39.0,62.0,47.0,38.0,32.0,15.0,39.0,37.0,96.0,121.0,34.0,18.0,32.0,40.0,101.0,117.0,26.0,29.0,42.0,18.0,85.0,66.0,50.0,92.0,13.0,13.0,54.0,37.0,26.0,29.0,44.0,69.0,78.0,6.0,24.0,60.0,28.0,30.0,62.0,354.0,94.0,60.0,102.0,37.0,100.0,14.0,64.0,0
1,204.0,18.0,87.0,12.0,27.0,67.0,44.0,178.0,84.0,140.0,98.0,94.0,63.0,19.0,30.0,83.0,20.0,15.0,45.0,50.0,119.0,120.0,195.0,32.0,53.0,73.0,69.0,304.0,133.0,29.0,64.0,73.0,36.0,75.0,105.0,70.0,103.0,13.0,38.0,57.0,54.0,23.0,30.0,83.0,137.0,60.0,43.0,66.0,126.0,37.0,75.0,126.0,127.0,148.0,140.0,103.0,43.0,81.0,20.0,123.0,0
2,87.0,7.0,63.0,24.0,14.0,63.0,17.0,164.0,91.0,37.0,129.0,26.0,56.0,69.0,48.0,81.0,93.0,11.0,17.0,76.0,34.0,56.0,148.0,17.0,56.0,42.0,21.0,106.0,74.0,19.0,25.0,97.0,18.0,129.0,109.0,68.0,63.0,19.0,11.0,22.0,103.0,41.0,37.0,27.0,106.0,29.0,29.0,23.0,64.0,14.0,45.0,157.0,18.0,109.0,83.0,109.0,36.0,125.0,21.0,84.0,0
3,24.0,98.0,33.0,21.0,58.0,50.0,64.0,91.0,42.0,38.0,28.0,146.0,78.0,34.0,27.0,30.0,51.0,28.0,70.0,29.0,77.0,117.0,100.0,69.0,20.0,36.0,89.0,26.0,63.0,13.0,40.0,43.0,44.0,35.0,44.0,55.0,96.0,241.0,73.0,56.0,38.0,54.0,76.0,38.0,61.0,63.0,56.0,28.0,30.0,12.0,24.0,86.0,28.0,71.0,86.0,44.0,42.0,51.0,69.0,87.0,0
4,10.0,118.0,22.0,29.0,38.0,30.0,61.0,51.0,34.0,16.0,64.0,77.0,32.0,39.0,26.0,33.0,39.0,28.0,54.0,22.0,53.0,62.0,73.0,32.0,49.0,48.0,54.0,12.0,46.0,24.0,48.0,32.0,28.0,18.0,42.0,25.0,39.0,46.0,48.0,45.0,26.0,56.0,31.0,41.0,54.0,45.0,46.0,19.0,17.0,28.0,21.0,54.0,5.0,48.0,73.0,49.0,36.0,21.0,31.0,67.0,0
5,33.0,7.0,44.0,7.0,24.0,53.0,102.0,86.0,50.0,38.0,35.0,125.0,113.0,31.0,78.0,35.0,18.0,19.0,50.0,33.0,46.0,103.0,80.0,112.0,22.0,40.0,39.0,29.0,114.0,29.0,31.0,61.0,29.0,55.0,41.0,63.0,106.0,41.0,24.0,21.0,61.0,25.0,30.0,27.0,78.0,13.0,36.0,58.0,28.0,26.0,35.0,64.0,87.0,73.0,81.0,35.0,15.0,71.0,31.0,73.0,0
6,121.0,32.0,51.0,12.0,21.0,26.0,38.0,13.0,15.0,49.0,16.0,87.0,22.0,28.0,72.0,28.0,27.0,7.0,32.0,26.0,16.0,34.0,20.0,53.0,60.0,31.0,16.0,171.0,44.0,12.0,40.0,11.0,19.0,31.0,12.0,36.0,44.0,33.0,31.0,14.0,16.0,28.0,22.0,20.0,15.0,9.0,48.0,35.0,44.0,30.0,81.0,18.0,107.0,10.0,12.0,26.0,14.0,39.0,10.0,45.0,0
7,78.0,32.0,5.0,3.0,10.0,30.0,55.0,10.0,12.0,13.0,9.0,57.0,39.0,6.0,11.0,19.0,19.0,4.0,52.0,19.0,24.0,26.0,20.0,67.0,28.0,31.0,17.0,86.0,40.0,19.0,37.0,17.0,13.0,12.0,8.0,27.0,25.0,5.0,38.0,6.0,11.0,16.0,13.0,10.0,12.0,9.0,51.0,39.0,26.0,11.0,24.0,26.0,41.0,10.0,19.0,8.0,16.0,19.0,11.0,42.0,0
8,104.0,2.0,65.0,7.0,11.0,38.0,19.0,139.0,81.0,102.0,37.0,44.0,85.0,19.0,25.0,44.0,12.0,11.0,6.0,51.0,45.0,60.0,97.0,8.0,29.0,28.0,46.0,134.0,98.0,14.0,36.0,81.0,13.0,86.0,70.0,63.0,87.0,0.0,25.0,22.0,47.0,12.0,58.0,34.0,107.0,33.0,34.0,25.0,105.0,15.0,41.0,90.0,56.0,99.0,90.0,40.0,31.0,83.0,7.0,73.0,0
9,92.0,43.0,64.0,5.0,56.0,104.0,87.0,132.0,60.0,45.0,53.0,109.0,103.0,39.0,16.0,72.0,56.0,4.0,88.0,56.0,92.0,91.0,133.0,30.0,18.0,80.0,74.0,105.0,80.0,39.0,81.0,69.0,52.0,77.0,89.0,90.0,92.0,74.0,50.0,56.0,107.0,50.0,39.0,58.0,100.0,30.0,50.0,27.0,79.0,36.0,32.0,123.0,73.0,87.0,145.0,48.0,25.0,98.0,20.0,153.0,0
10,36.0,46.0,54.0,23.0,43.0,71.0,50.0,135.0,73.0,60.0,85.0,84.0,60.0,88.0,107.0,72.0,105.0,20.0,38.0,57.0,59.0,73.0,95.0,20.0,130.0,53.0,49.0,55.0,78.0,51.0,41.0,76.0,41.0,59.0,82.0,69.0,79.0,176.0,85.0,50.0,62.0,50.0,55.0,68.0,93.0,63.0,52.0,43.0,44.0,76.0,36.0,118.0,60.0,99.0,88.0,61.0,35.0,76.0,33.0,85.0,0
11,199.0,90.0,68.0,29.0,20.0,59.0,44.0,173.0,81.0,65.0,80.0,34.0,46.0,48.0,56.0,59.0,61.0,19.0,56.0,50.0,44.0,57.0,119.0,38.0,79.0,51.0,17.0,281.0,86.0,34.0,40.0,59.0,26.0,64.0,74.0,72.0,51.0,36.0,59.0,33.0,60.0,51.0,41.0,39.0,105.0,39.0,97.0,98.0,95.0,26.0,93.0,115.0,88.0,128.0,91.0,56.0,37.0,61.0,16.0,99.0,0
12,434.0,9.0,124.0,19.0,30.0,21.0,14.0,77.0,48.0,210.0,34.0,40.0,45.0,44.0,188.0,27.0,58.0,22.0,31.0,21.0,35.0,61.0,20.0,55.0,69.0,14.0,29.0,591.0,65.0,33.0,14.0,32.0,23.0,70.0,32.0,40.0,84.0,55.0,39.0,27.0,32.0,37.0,38.0,23.0,43.0,25.0,48.0,107.0,132.0,23.0,178.0,19.0,377.0,45.0,24.0,39.0,21.0,100.0,13.0,15.0,0
13,32.0,76.0,35.0,53.0,52.0,76.0,70.0,33.0,43.0,29.0,58.0,54.0,53.0,75.0,130.0,66.0,100.0,38.0,66.0,55.0,49.0,29.0,42.0,39.0,62.0,77.0,53.0,39.0,37.0,46.0,59.0,72.0,38.0,55.0,58.0,72.0,45.0,206.0,56.0,39.0,106.0,67.0,70.0,40.0,55.0,52.0,58.0,15.0,38.0,53.0,60.0,65.0,19.0,31.0,49.0,36.0,50.0,62.0,87.0,58.0,0
14,183.0,40.0,64.0,19.0,11.0,35.0,35.0,129.0,51.0,56.0,53.0,106.0,73.0,17.0,11.0,43.0,20.0,7.0,32.0,32.0,55.0,61.0,108.0,16.0,13.0,59.0,41.0,268.0,98.0,20.0,54.0,33.0,23.0,63.0,54.0,32.0,91.0,16.0,17.0,39.0,39.0,45.0,28.0,40.0,64.0,26.0,27.0,35.0,51.0,15.0,54.0,76.0,223.0,118.0,122.0,43.0,20.0,68.0,22.0,71.0,0
15,131.0,15.0,74.0,19.0,17.0,66.0,3.0,196.0,95.0,88.0,41.0,10.0,113.0,62.0,38.0,52.0,53.0,9.0,4.0,43.0,60.0,79.0,140.0,14.0,35.0,34.0,27.0,122.0,119.0,7.0,20.0,85.0,16.0,68.0,99.0,89.0,105.0,69.0,17.0,19.0,51.0,10.0,25.0,57.0,121.0,11.0,34.0,32.0,131.0,6.0,40.0,120.0,55.0,133.0,84.0,79.0,12.0,89.0,15.0,90.0,0
16,48.0,7.0,122.0,3.0,20.0,78.0,9.0,240.0,92.0,73.0,145.0,17.0,35.0,72.0,107.0,64.0,58.0,6.0,3.0,44.0,80.0,102.0,216.0,13.0,49.0,22.0,33.0,75.0,103.0,19.0,43.0,71.0,10.0,80.0,80.0,69.0,90.0,122.0,47.0,27.0,51.0,35.0,25.0,106.0,124.0,24.0,30.0,16.0,74.0,11.0,49.0,162.0,59.0,169.0,121.0,145.0,24.0,60.0,7.0,156.0,0
17,319.0,343.0,15.0,37.0,18.0,32.0,14.0,11.0,11.0,28.0,4.0,14.0,13.0,21.0,27.0,24.0,20.0,15.0,19.0,43.0,9.0,16.0,10.0,221.0,159.0,39.0,8.0,254.0,9.0,21.0,12.0,25.0,18.0,17.0,13.0,28.0,28.0,73.0,69.0,4.0,21.0,66.0,16.0,10.0,19.0,10.0,402.0,123.0,44.0,14.0,93.0,13.0,50.0,11.0,6.0,12.0,6.0,26.0,20.0,7.0,0
18,84.0,82.0,98.0,38.0,38.0,67.0,64.0,279.0,96.0,63.0,101.0,72.0,83.0,66.0,92.0,54.0,79.0,53.0,91.0,60.0,48.0,111.0,193.0,93.0,55.0,40.0,35.0,125.0,134.0,23.0,42.0,120.0,31.0,99.0,145.0,107.0,133.0,93.0,67.0,36.0,105.0,96.0,128.0,43.0,144.0,49.0,101.0,62.0,118.0,32.0,92.0,183.0,79.0,198.0,73.0,88.0,58.0,129.0,78.0,92.0,0
19,93.0,12.0,60.0,11.0,29.0,57.0,21.0,74.0,41.0,51.0,88.0,38.0,54.0,36.0,22.0,80.0,49.0,14.0,22.0,67.0,57.0,60.0,93.0,41.0,16.0,75.0,64.0,134.0,27.0,40.0,83.0,41.0,30.0,50.0,46.0,52.0,48.0,8.0,47.0,47.0,38.0,44.0,32.0,81.0,67.0,59.0,50.0,50.0,48.0,34.0,40.0,91.0,61.0,53.0,86.0,62.0,26.0,27.0,31.0,108.0,0
20,85.0,8.0,119.0,40.0,23.0,97.0,23.0,209.0,115.0,86.0,140.0,48.0,75.0,89.0,172.0,119.0,100.0,25.0,22.0,101.0,86.0,82.0,212.0,41.0,80.0,74.0,51.0,220.0,130.0,36.0,84.0,109.0,24.0,144.0,113.0,105.0,100.0,55.0,32.0,59.0,128.0,87.0,64.0,87.0,127.0,61.0,45.0,58.0,115.0,25.0,109.0,189.0,87.0,168.0,127.0,151.0,87.0,152.0,30.0,156.0,0
21,108.0,124.0,52.0,74.0,33.0,57.0,60.0,66.0,72.0,57.0,73.0,65.0,61.0,78.0,135.0,41.0,63.0,20.0,46.0,42.0,36.0,54.0,64.0,98.0,122.0,33.0,36.0,62.0,112.0,41.0,36.0,82.0,33.0,95.0,109.0,76.0,85.0,144.0,109.0,31.0,94.0,102.0,56.0,25.0,62.0,30.0,52.0,47.0,101.0,57.0,70.0,85.0,57.0,78.0,64.0,58.0,49.0,74.0,28.0,49.0,0
22,135.0,3.0,78.0,11.0,24.0,44.0,33.0,219.0,83.0,60.0,72.0,53.0,102.0,29.0,21.0,52.0,40.0,17.0,17.0,34.0,111.0,91.0,221.0,33.0,85.0,38.0,56.0,189.0,118.0,24.0,55.0,65.0,24.0,63.0,109.0,77.0,92.0,5.0,35.0,36.0,46.0,30.0,31.0,85.0,153.0,36.0,61.0,65.0,113.0,23.0,64.0,179.0,57.0,147.0,169.0,92.0,32.0,77.0,6.0,142.0,0
23,115.0,8.0,86.0,3.0,13.0,116.0,7.0,45.0,72.0,129.0,65.0,11.0,53.0,38.0,50.0,111.0,24.0,3.0,5.0,85.0,36.0,37.0,63.0,27.0,52.0,77.0,13.0,155.0,89.0,23.0,44.0,114.0,16.0,161.0,116.0,97.0,55.0,16.0,19.0,13.0,166.0,64.0,34.0,45.0,58.0,29.0,64.0,58.0,133.0,28.0,63.0,82.0,99.0,51.0,68.0,89.0,44.0,110.0,5.0,54.0,0
24,37.0,2.0,73.0,2.0,7.0,50.0,45.0,159.0,52.0,65.0,93.0,74.0,48.0,34.0,58.0,48.0,33.0,3.0,24.0,44.0,29.0,77.0,127.0,54.0,13.0,45.0,19.0,77.0,61.0,5.0,31.0,51.0,5.0,74.0,53.0,73.0,68.0,2.0,16.0,22.0,80.0,11.0,17.0,27.0,69.0,22.0,49.0,19.0,48.0,9.0,33.0,80.0,70.0,109.0,57.0,99.0,19.0,80.0,1.0,51.0,0
25,227.0,66.0,69.0,70.0,23.0,84.0,31.0,56.0,83.0,61.0,63.0,80.0,59.0,73.0,81.0,61.0,55.0,82.0,54.0,51.0,40.0,41.0,68.0,101.0,101.0,35.0,19.0,288.0,72.0,28.0,38.0,85.0,17.0,104.0,52.0,70.0,44.0,89.0,184.0,37.0,102.0,136.0,113.0,30.0,52.0,32.0,140.0,148.0,79.0,39.0,121.0,70.0,65.0,58.0,43.0,62.0,57.0,116.0,18.0,44.0,0
26,98.0,87.0,54.0,5.0,79.0,106.0,159.0,116.0,75.0,81.0,38.0,224.0,213.0,11.0,62.0,71.0,21.0,15.0,145.0,75.0,116.0,139.0,91.0,185.0,67.0,83.0,65.0,90.0,157.0,33.0,64.0,122.0,59.0,100.0,99.0,160.0,187.0,2.0,137.0,33.0,119.0,73.0,84.0,45.0,119.0,28.0,184.0,134.0,124.0,32.0,62.0,97.0,114.0,81.0,130.0,31.0,38.0,85.0,40.0,84.0,0
27,36.0,122.0,46.0,55.0,73.0,39.0,126.0,13.0,19.0,86.0,44.0,86.0,28.0,78.0,65.0,42.0,87.0,27.0,124.0,44.0,59.0,43.0,23.0,52.0,71.0,70.0,42.0,75.0,41.0,50.0,71.0,24.0,61.0,38.0,28.0,37.0,47.0,211.0,76.0,42.0,27.0,29.0,44.0,41.0,33.0,24.0,66.0,31.0,46.0,73.0,35.0,29.0,54.0,20.0,37.0,16.0,21.0,39.0,66.0,52.0,0
28,103.0,98.0,68.0,71.0,44.0,71.0,77.0,154.0,76.0,110.0,95.0,114.0,78.0,92.0,57.0,78.0,102.0,42.0,62.0,97.0,116.0,127.0,134.0,31.0,95.0,69.0,91.0,170.0,148.0,62.0,80.0,101.0,50.0,105.0,97.0,120.0,111.0,99.0,77.0,91.0,76.0,78.0,84.0,82.0,151.0,68.0,65.0,76.0,87.0,80.0,58.0,122.0,128.0,137.0,137.0,99.0,67.0,91.0,30.0,116.0,0
29,126.0,11.0,25.0,0.0,8.0,81.0,24.0,37.0,38.0,45.0,13.0,50.0,83.0,3.0,21.0,34.0,7.0,20.0,14.0,55.0,21.0,57.0,56.0,31.0,35.0,41.0,22.0,235.0,100.0,6.0,33.0,51.0,4.0,44.0,59.0,108.0,84.0,0.0,16.0,20.0,79.0,11.0,59.0,20.0,39.0,20.0,71.0,100.0,126.0,9.0,40.0,55.0,65.0,25.0,34.0,16.0,25.0,56.0,4.0,35.0,0
30,130.0,15.0,62.0,16.0,16.0,48.0,12.0,32.0,57.0,71.0,43.0,17.0,34.0,44.0,105.0,48.0,64.0,12.0,15.0,43.0,34.0,27.0,45.0,31.0,82.0,27.0,9.0,192.0,50.0,25.0,29.0,51.0,22.0,80.0,48.0,63.0,60.0,64.0,46.0,16.0,83.0,52.0,25.0,31.0,41.0,13.0,77.0,57.0,75.0,30.0,118.0,27.0,87.0,29.0,26.0,30.0,14.0,75.0,7.0,31.0,0
31,260.0,44.0,96.0,15.0,17.0,53.0,43.0,255.0,66.0,121.0,77.0,103.0,81.0,12.0,3.0,69.0,40.0,9.0,48.0,33.0,80.0,134.0,208.0,19.0,152.0,48.0,62.0,389.0,114.0,21.0,52.0,47.0,11.0,70.0,97.0,44.0,85.0,1.0,48.0,49.0,18.0,37.0,37.0,74.0,150.0,30.0,92.0,112.0,82.0,19.0,62.0,150.0,159.0,202.0,139.0,87.0,44.0,55.0,12.0,146.0,0
32,70.0,284.0,40.0,97.0,48.0,61.0,121.0,129.0,65.0,57.0,46.0,205.0,85.0,37.0,25.0,56.0,38.0,69.0,96.0,66.0,112.0,147.0,130.0,81.0,56.0,66.0,86.0,54.0,101.0,46.0,73.0,78.0,45.0,67.0,84.0,97.0,103.0,92.0,80.0,47.0,72.0,130.0,103.0,71.0,122.0,42.0,117.0,36.0,77.0,40.0,73.0,123.0,23.0,123.0,138.0,35.0,51.0,55.0,63.0,106.0,0
33,29.0,2.0,96.0,37.0,23.0,60.0,3.0,99.0,91.0,77.0,100.0,24.0,42.0,82.0,59.0,87.0,93.0,16.0,5.0,91.0,52.0,42.0,78.0,8.0,83.0,44.0,49.0,34.0,60.0,30.0,51.0,87.0,33.0,66.0,92.0,73.0,64.0,104.0,52.0,53.0,76.0,38.0,56.0,89.0,71.0,70.0,15.0,18.0,106.0,26.0,34.0,94.0,42.0,57.0,74.0,96.0,44.0,63.0,7.0,125.0,0
34,64.0,104.0,80.0,21.0,8.0,60.0,24.0,199.0,98.0,53.0,115.0,55.0,84.0,22.0,31.0,62.0,47.0,24.0,15.0,62.0,104.0,102.0,169.0,56.0,52.0,53.0,62.0,104.0,76.0,22.0,27.0,84.0,16.0,62.0,103.0,80.0,76.0,32.0,58.0,64.0,63.0,45.0,35.0,103.0,126.0,55.0,53.0,79.0,74.0,30.0,52.0,165.0,24.0,175.0,130.0,133.0,52.0,68.0,28.0,131.0,0
35,66.0,2.0,53.0,7.0,15.0,130.0,29.0,72.0,142.0,34.0,66.0,17.0,82.0,49.0,50.0,109.0,32.0,8.0,13.0,89.0,42.0,32.0,86.0,17.0,43.0,49.0,24.0,81.0,106.0,30.0,50.0,183.0,16.0,165.0,160.0,162.0,73.0,9.0,23.0,10.0,241.0,22.0,53.0,29.0,106.0,25.0,25.0,29.0,179.0,30.0,39.0,112.0,18.0,73.0,54.0,69.0,49.0,164.0,8.0,61.0,0
36,364.0,31.0,177.0,3.0,6.0,92.0,6.0,199.0,132.0,136.0,128.0,60.0,149.0,15.0,97.0,62.0,16.0,8.0,4.0,78.0,72.0,99.0,147.0,130.0,152.0,41.0,24.0,413.0,207.0,15.0,43.0,98.0,11.0,138.0,138.0,114.0,162.0,9.0,37.0,30.0,82.0,25.0,17.0,40.0,119.0,10.0,185.0,137.0,162.0,12.0,147.0,154.0,217.0,146.0,85.0,133.0,22.0,123.0,4.0,81.0,0
37,23.0,0.0,70.0,4.0,9.0,42.0,2.0,62.0,74.0,48.0,88.0,36.0,31.0,14.0,11.0,48.0,23.0,5.0,11.0,37.0,42.0,46.0,85.0,4.0,9.0,31.0,29.0,35.0,49.0,14.0,37.0,65.0,4.0,63.0,82.0,72.0,58.0,22.0,6.0,38.0,58.0,23.0,14.0,51.0,47.0,32.0,1.0,11.0,89.0,14.0,6.0,79.0,69.0,48.0,58.0,81.0,22.0,74.0,1.0,64.0,0
38,70.0,14.0,80.0,78.0,38.0,76.0,42.0,67.0,67.0,95.0,61.0,35.0,74.0,102.0,104.0,72.0,101.0,69.0,50.0,78.0,52.0,75.0,74.0,37.0,194.0,60.0,42.0,59.0,58.0,50.0,70.0,77.0,51.0,94.0,78.0,88.0,74.0,79.0,123.0,54.0,109.0,138.0,84.0,35.0,54.0,85.0,96.0,70.0,73.0,41.0,54.0,73.0,64.0,77.0,45.0,78.0,68.0,112.0,34.0,45.0,0
39,10.0,48.0,60.0,56.0,32.0,48.0,46.0,76.0,84.0,58.0,78.0,32.0,45.0,45.0,50.0,49.0,47.0,81.0,41.0,59.0,41.0,57.0,54.0,17.0,29.0,50.0,68.0,28.0,75.0,45.0,34.0,80.0,29.0,119.0,83.0,69.0,38.0,53.0,45.0,68.0,79.0,96.0,65.0,47.0,70.0,76.0,36.0,26.0,45.0,35.0,42.0,81.0,13.0,52.0,61.0,72.0,67.0,85.0,106.0,56.0,0
40,244.0,79.0,43.0,45.0,54.0,70.0,63.0,34.0,60.0,102.0,33.0,36.0,80.0,79.0,78.0,65.0,86.0,29.0,62.0,64.0,32.0,55.0,31.0,97.0,280.0,66.0,30.0,293.0,56.0,66.0,57.0,65.0,61.0,82.0,51.0,103.0,71.0,180.0,156.0,25.0,120.0,82.0,70.0,25.0,48.0,22.0,156.0,165.0,98.0,57.0,179.0,33.0,42.0,32.0,29.0,38.0,40.0,86.0,41.0,47.0,0
41,336.0,40.0,40.0,64.0,56.0,52.0,75.0,66.0,35.0,56.0,13.0,89.0,86.0,39.0,57.0,22.0,32.0,47.0,42.0,23.0,55.0,71.0,50.0,85.0,100.0,36.0,40.0,548.0,74.0,14.0,38.0,35.0,75.0,74.0,37.0,41.0,60.0,71.0,97.0,27.0,28.0,78.0,83.0,38.0,71.0,18.0,154.0,108.0,75.0,21.0,164.0,59.0,126.0,63.0,100.0,19.0,18.0,64.0,94.0,63.0,0
42,65.0,37.0,75.0,12.0,43.0,40.0,43.0,103.0,46.0,60.0,81.0,57.0,15.0,48.0,42.0,88.0,36.0,12.0,49.0,66.0,66.0,48.0,119.0,29.0,46.0,83.0,43.0,137.0,65.0,39.0,79.0,36.0,34.0,54.0,71.0,61.0,66.0,79.0,41.0,40.0,33.0,41.0,14.0,70.0,89.0,38.0,29.0,23.0,66.0,46.0,50.0,106.0,127.0,81.0,118.0,72.0,38.0,49.0,16.0,121.0,0
43,70.0,33.0,29.0,48.0,55.0,60.0,66.0,34.0,37.0,29.0,32.0,47.0,75.0,33.0,41.0,79.0,43.0,30.0,78.0,75.0,45.0,47.0,53.0,41.0,57.0,63.0,57.0,64.0,39.0,60.0,55.0,26.0,57.0,38.0,29.0,52.0,65.0,23.0,37.0,41.0,40.0,43.0,54.0,46.0,60.0,32.0,65.0,45.0,39.0,64.0,58.0,50.0,23.0,44.0,57.0,33.0,40.0,43.0,32.0,67.0,0
44,78.0,4.0,98.0,12.0,18.0,71.0,16.0,311.0,91.0,130.0,76.0,57.0,99.0,21.0,53.0,29.0,12.0,19.0,22.0,44.0,109.0,135.0,209.0,21.0,71.0,43.0,75.0,105.0,118.0,18.0,32.0,76.0,22.0,66.0,102.0,67.0,117.0,15.0,18.0,67.0,57.0,37.0,47.0,103.0,155.0,39.0,63.0,36.0,78.0,24.0,51.0,216.0,26.0,238.0,188.0,83.0,20.0,94.0,5.0,162.0,0
45,176.0,76.0,36.0,45.0,74.0,79.0,86.0,61.0,46.0,34.0,68.0,72.0,100.0,30.0,26.0,63.0,43.0,47.0,85.0,51.0,64.0,67.0,61.0,90.0,74.0,75.0,67.0,162.0,61.0,46.0,77.0,39.0,55.0,29.0,41.0,76.0,55.0,29.0,66.0,64.0,32.0,67.0,59.0,40.0,65.0,65.0,105.0,145.0,55.0,46.0,78.0,77.0,10.0,56.0,59.0,46.0,71.0,52.0,61.0,72.0,0
46,136.0,46.0,69.0,10.0,14.0,65.0,46.0,403.0,86.0,67.0,22.0,148.0,208.0,8.0,55.0,42.0,1.0,4.0,34.0,33.0,100.0,186.0,246.0,224.0,85.0,22.0,65.0,135.0,225.0,8.0,41.0,94.0,13.0,55.0,158.0,95.0,262.0,19.0,76.0,17.0,45.0,75.0,44.0,45.0,200.0,11.0,169.0,170.0,121.0,12.0,55.0,208.0,113.0,311.0,218.0,30.0,10.0,74.0,10.0,139.0,0
47,35.0,133.0,24.0,51.0,55.0,29.0,146.0,28.0,25.0,24.0,25.0,118.0,89.0,28.0,47.0,31.0,38.0,47.0,107.0,27.0,53.0,72.0,51.0,89.0,13.0,44.0,65.0,62.0,53.0,23.0,58.0,41.0,52.0,18.0,25.0,41.0,67.0,116.0,47.0,41.0,31.0,49.0,59.0,11.0,38.0,45.0,49.0,36.0,31.0,47.0,59.0,35.0,33.0,16.0,42.0,17.0,41.0,38.0,81.0,53.0,0
48,5.0,2.0,55.0,11.0,18.0,20.0,24.0,101.0,36.0,57.0,53.0,95.0,63.0,36.0,3.0,21.0,45.0,17.0,23.0,16.0,38.0,78.0,96.0,20.0,3.0,28.0,39.0,11.0,56.0,16.0,30.0,51.0,28.0,25.0,26.0,18.0,69.0,16.0,5.0,64.0,16.0,7.0,36.0,45.0,68.0,43.0,2.0,2.0,25.0,8.0,9.0,54.0,13.0,77.0,70.0,32.0,24.0,26.0,27.0,77.0,0
49,235.0,102.0,123.0,80.0,27.0,99.0,13.0,81.0,154.0,141.0,130.0,44.0,61.0,103.0,55.0,84.0,89.0,35.0,19.0,109.0,46.0,80.0,93.0,22.0,142.0,50.0,18.0,232.0,154.0,34.0,26.0,137.0,25.0,169.0,125.0,137.0,109.0,43.0,64.0,46.0,119.0,65.0,69.0,30.0,110.0,57.0,179.0,90.0,176.0,45.0,88.0,98.0,153.0,101.0,41.0,115.0,106.0,165.0,10.0,37.0,0
50,19.0,77.0,25.0,62.0,68.0,34.0,39.0,101.0,30.0,34.0,87.0,45.0,32.0,70.0,83.0,56.0,66.0,66.0,46.0,42.0,57.0,70.0,94.0,66.0,60.0,31.0,66.0,9.0,29.0,44.0,45.0,43.0,49.0,46.0,28.0,51.0,32.0,132.0,79.0,67.0,40.0,58.0,54.0,59.0,63.0,65.0,56.0,31.0,23.0,42.0,56.0,68.0,12.0,59.0,74.0,46.0,61.0,35.0,39.0,84.0,1
51,47.0,52.0,87.0,45.0,72.0,118.0,45.0,216.0,164.0,80.0,130.0,62.0,207.0,95.0,75.0,106.0,99.0,57.0,43.0,91.0,87.0,110.0,165.0,94.0,57.0,92.0,66.0,27.0,145.0,80.0,96.0,134.0,64.0,140.0,167.0,140.0,151.0,68.0,60.0,91.0,87.0,80.0,90.0,102.0,170.0,103.0,28.0,50.0,118.0,51.0,82.0,191.0,20.0,165.0,138.0,103.0,77.0,106.0,68.0,137.0,1
52,2.0,167.0,4.0,33.0,13.0,15.0,42.0,32.0,21.0,5.0,29.0,13.0,25.0,26.0,16.0,36.0,17.0,42.0,30.0,27.0,23.0,25.0,27.0,42.0,7.0,37.0,28.0,1.0,18.0,14.0,33.0,21.0,23.0,21.0,20.0,19.0,21.0,55.0,42.0,25.0,25.0,40.0,47.0,27.0,27.0,48.0,19.0,2.0,22.0,14.0,6.0,29.0,1.0,31.0,28.0,21.0,41.0,20.0,39.0,24.0,1
53,0.0,44.0,19.0,28.0,21.0,10.0,14.0,16.0,7.0,8.0,37.0,4.0,1.0,40.0,10.0,26.0,48.0,38.0,10.0,12.0,13.0,7.0,17.0,10.0,6.0,9.0,9.0,1.0,2.0,20.0,14.0,14.0,12.0,10.0,4.0,11.0,5.0,71.0,28.0,6.0,4.0,15.0,11.0,23.0,17.0,21.0,8.0,8.0,3.0,28.0,5.0,11.0,3.0,2.0,16.0,21.0,12.0,6.0,17.0,14.0,1
54,8.0,56.0,25.0,51.0,33.0,46.0,11.0,49.0,30.0,17.0,72.0,4.0,16.0,43.0,28.0,46.0,57.0,41.0,26.0,42.0,30.0,7.0,45.0,0.0,17.0,43.0,26.0,7.0,23.0,40.0,38.0,42.0,27.0,33.0,36.0,37.0,17.0,68.0,38.0,34.0,61.0,47.0,30.0,58.0,37.0,39.0,24.0,4.0,23.0,31.0,13.0,53.0,2.0,54.0,38.0,44.0,36.0,24.0,36.0,38.0,1
55,4.0,53.0,12.0,41.0,29.0,19.0,16.0,23.0,12.0,3.0,44.0,16.0,8.0,37.0,26.0,43.0,35.0,37.0,18.0,29.0,28.0,15.0,28.0,5.0,44.0,29.0,29.0,5.0,9.0,30.0,31.0,6.0,30.0,15.0,11.0,14.0,6.0,44.0,50.0,49.0,10.0,48.0,22.0,32.0,19.0,23.0,37.0,6.0,3.0,26.0,12.0,34.0,0.0,26.0,23.0,15.0,35.0,13.0,26.0,26.0,1
56,25.0,47.0,25.0,87.0,61.0,70.0,28.0,59.0,57.0,12.0,49.0,16.0,43.0,50.0,32.0,77.0,68.0,60.0,30.0,70.0,25.0,38.0,41.0,19.0,40.0,59.0,43.0,25.0,59.0,44.0,53.0,68.0,44.0,58.0,79.0,70.0,36.0,68.0,60.0,47.0,86.0,73.0,65.0,30.0,50.0,70.0,52.0,29.0,76.0,49.0,32.0,82.0,3.0,40.0,52.0,31.0,58.0,71.0,34.0,48.0,1
57,1.0,105.0,15.0,36.0,27.0,24.0,26.0,9.0,13.0,12.0,28.0,11.0,10.0,50.0,18.0,57.0,65.0,41.0,23.0,45.0,23.0,14.0,19.0,8.0,48.0,34.0,19.0,4.0,6.0,26.0,45.0,8.0,23.0,10.0,14.0,14.0,13.0,106.0,64.0,35.0,15.0,53.0,32.0,43.0,15.0,25.0,49.0,5.0,6.0,30.0,13.0,27.0,0.0,12.0,27.0,18.0,39.0,15.0,61.0,27.0,1
58,27.0,98.0,116.0,77.0,61.0,99.0,46.0,160.0,92.0,82.0,157.0,34.0,64.0,67.0,35.0,109.0,87.0,88.0,36.0,102.0,86.0,71.0,218.0,33.0,51.0,129.0,60.0,23.0,69.0,66.0,126.0,95.0,52.0,80.0,127.0,105.0,73.0,70.0,52.0,104.0,91.0,111.0,62.0,140.0,125.0,91.0,40.0,29.0,78.0,55.0,35.0,191.0,7.0,142.0,153.0,116.0,91.0,73.0,65.0,169.0,1
59,2.0,57.0,22.0,42.0,28.0,27.0,76.0,63.0,28.0,13.0,49.0,64.0,17.0,56.0,35.0,25.0,53.0,35.0,84.0,17.0,27.0,26.0,34.0,41.0,22.0,20.0,19.0,2.0,40.0,31.0,26.0,26.0,31.0,26.0,31.0,27.0,27.0,66.0,47.0,32.0,32.0,47.0,26.0,13.0,22.0,46.0,4.0,17.0,20.0,23.0,21.0,39.0,6.0,47.0,25.0,25.0,45.0,34.0,37.0,20.0,1
60,4.0,10.0,9.0,12.0,14.0,23.0,8.0,7.0,17.0,1.0,30.0,1.0,11.0,28.0,36.0,20.0,27.0,15.0,7.0,20.0,11.0,6.0,8.0,5.0,18.0,15.0,9.0,3.0,6.0,10.0,11.0,13.0,14.0,11.0,12.0,21.0,3.0,16.0,8.0,11.0,33.0,26.0,22.0,9.0,14.0,17.0,7.0,12.0,15.0,14.0,17.0,9.0,2.0,8.0,11.0,14.0,16.0,15.0,6.0,7.0,1
61,0.0,97.0,5.0,18.0,17.0,3.0,16.0,1.0,3.0,3.0,13.0,4.0,2.0,31.0,4.0,9.0,25.0,18.0,32.0,21.0,6.0,4.0,1.0,4.0,7.0,3.0,7.0,1.0,4.0,22.0,11.0,4.0,23.0,3.0,0.0,1.0,2.0,58.0,10.0,2.0,3.0,12.0,8.0,12.0,1.0,8.0,11.0,1.0,3.0,19.0,6.0,0.0,0.0,0.0,4.0,3.0,3.0,4.0,35.0,4.0,1
62,4.0,46.0,61.0,80.0,69.0,49.0,27.0,69.0,59.0,45.0,126.0,8.0,19.0,111.0,26.0,103.0,91.0,53.0,32.0,74.0,42.0,29.0,71.0,16.0,64.0,60.0,55.0,3.0,43.0,77.0,84.0,57.0,66.0,53.0,63.0,42.0,23.0,87.0,68.0,76.0,46.0,118.0,67.0,85.0,60.0,94.0,52.0,11.0,35.0,74.0,25.0,74.0,5.0,66.0,81.0,75.0,61.0,41.0,48.0,60.0,1
63,5.0,35.0,28.0,39.0,35.0,27.0,41.0,84.0,30.0,30.0,46.0,16.0,27.0,84.0,65.0,32.0,68.0,35.0,32.0,33.0,40.0,37.0,61.0,13.0,36.0,36.0,33.0,3.0,44.0,40.0,16.0,28.0,16.0,45.0,26.0,41.0,31.0,38.0,59.0,38.0,28.0,61.0,41.0,44.0,49.0,61.0,14.0,20.0,13.0,52.0,23.0,59.0,1.0,62.0,48.0,44.0,35.0,36.0,31.0,45.0,1
64,4.0,23.0,11.0,35.0,18.0,30.0,13.0,37.0,24.0,9.0,41.0,6.0,15.0,45.0,26.0,41.0,54.0,40.0,6.0,38.0,28.0,16.0,51.0,4.0,26.0,31.0,11.0,0.0,14.0,28.0,29.0,27.0,19.0,29.0,36.0,29.0,7.0,53.0,33.0,22.0,25.0,27.0,22.0,43.0,28.0,30.0,18.0,6.0,16.0,26.0,18.0,41.0,1.0,34.0,31.0,34.0,32.0,35.0,20.0,36.0,1
65,6.0,175.0,111.0,58.0,51.0,41.0,34.0,387.0,59.0,68.0,113.0,83.0,32.0,58.0,65.0,55.0,73.0,26.0,44.0,49.0,103.0,135.0,268.0,25.0,39.0,51.0,84.0,2.0,68.0,49.0,42.0,59.0,29.0,49.0,106.0,51.0,54.0,149.0,60.0,78.0,23.0,41.0,33.0,123.0,155.0,54.0,9.0,11.0,22.0,41.0,42.0,205.0,8.0,253.0,148.0,142.0,48.0,36.0,50.0,177.0,1
66,6.0,33.0,28.0,28.0,21.0,37.0,21.0,58.0,34.0,16.0,76.0,12.0,29.0,39.0,53.0,40.0,53.0,17.0,13.0,31.0,36.0,28.0,49.0,5.0,24.0,38.0,31.0,17.0,27.0,45.0,34.0,30.0,17.0,53.0,49.0,32.0,19.0,11.0,63.0,47.0,45.0,53.0,22.0,51.0,40.0,30.0,21.0,16.0,38.0,45.0,32.0,67.0,2.0,57.0,48.0,43.0,45.0,42.0,13.0,35.0,1
67,18.0,120.0,24.0,54.0,60.0,97.0,51.0,84.0,67.0,22.0,73.0,23.0,60.0,110.0,167.0,103.0,103.0,63.0,53.0,98.0,70.0,55.0,94.0,19.0,69.0,89.0,56.0,13.0,62.0,86.0,64.0,87.0,34.0,65.0,80.0,86.0,50.0,166.0,101.0,61.0,92.0,103.0,109.0,65.0,92.0,67.0,47.0,28.0,60.0,60.0,38.0,97.0,6.0,73.0,83.0,47.0,105.0,57.0,91.0,84.0,1
68,4.0,13.0,51.0,25.0,36.0,65.0,28.0,115.0,55.0,28.0,81.0,18.0,61.0,30.0,31.0,75.0,30.0,22.0,19.0,53.0,54.0,47.0,114.0,16.0,16.0,38.0,32.0,3.0,51.0,35.0,44.0,63.0,26.0,91.0,88.0,60.0,57.0,17.0,16.0,40.0,84.0,35.0,28.0,71.0,83.0,32.0,17.0,11.0,42.0,47.0,25.0,92.0,6.0,93.0,70.0,73.0,36.0,80.0,9.0,102.0,1
69,9.0,43.0,4.0,21.0,25.0,13.0,23.0,10.0,14.0,11.0,20.0,13.0,10.0,15.0,32.0,12.0,17.0,21.0,22.0,23.0,9.0,5.0,6.0,14.0,18.0,23.0,14.0,3.0,9.0,15.0,10.0,15.0,6.0,11.0,13.0,13.0,9.0,34.0,26.0,21.0,16.0,23.0,30.0,5.0,8.0,13.0,12.0,17.0,10.0,14.0,27.0,5.0,1.0,5.0,6.0,14.0,19.0,19.0,33.0,11.0,1
70,247.0,560.0,137.0,275.0,182.0,348.0,224.0,264.0,435.0,116.0,178.0,132.0,414.0,211.0,675.0,300.0,223.0,226.0,200.0,284.0,164.0,158.0,216.0,374.0,376.0,351.0,173.0,298.0,437.0,204.0,280.0,404.0,210.0,474.0,315.0,502.0,375.0,561.0,388.0,232.0,730.0,545.0,368.0,181.0,241.0,243.0,335.0,305.0,489.0,233.0,465.0,252.0,92.0,219.0,230.0,183.0,338.0,538.0,245.0,247.0,1
71,9.0,70.0,37.0,47.0,36.0,43.0,31.0,90.0,60.0,25.0,72.0,18.0,52.0,47.0,55.0,32.0,57.0,47.0,42.0,51.0,50.0,49.0,90.0,33.0,26.0,53.0,31.0,7.0,48.0,32.0,54.0,45.0,38.0,71.0,62.0,48.0,33.0,72.0,38.0,41.0,57.0,40.0,40.0,52.0,78.0,35.0,21.0,8.0,32.0,34.0,18.0,89.0,7.0,89.0,77.0,45.0,34.0,62.0,45.0,84.0,1
72,8.0,74.0,6.0,43.0,22.0,58.0,44.0,20.0,22.0,6.0,21.0,26.0,38.0,24.0,24.0,51.0,33.0,31.0,54.0,55.0,25.0,17.0,22.0,53.0,46.0,54.0,25.0,4.0,24.0,22.0,41.0,24.0,29.0,10.0,29.0,47.0,23.0,34.0,75.0,20.0,38.0,74.0,42.0,21.0,36.0,25.0,54.0,20.0,28.0,27.0,23.0,26.0,2.0,12.0,29.0,13.0,50.0,18.0,34.0,45.0,1
73,20.0,77.0,27.0,83.0,52.0,63.0,14.0,61.0,37.0,24.0,70.0,15.0,27.0,99.0,85.0,121.0,73.0,94.0,28.0,112.0,50.0,22.0,88.0,15.0,160.0,52.0,48.0,23.0,26.0,68.0,82.0,59.0,39.0,34.0,31.0,60.0,24.0,141.0,135.0,66.0,88.0,165.0,101.0,75.0,44.0,76.0,122.0,22.0,22.0,49.0,79.0,87.0,1.0,64.0,73.0,58.0,73.0,23.0,80.0,90.0,1
74,20.0,12.0,39.0,9.0,46.0,65.0,14.0,56.0,69.0,31.0,58.0,37.0,73.0,58.0,35.0,80.0,66.0,22.0,15.0,78.0,56.0,50.0,82.0,31.0,11.0,54.0,37.0,11.0,60.0,27.0,32.0,60.0,41.0,51.0,69.0,64.0,70.0,30.0,35.0,58.0,39.0,38.0,44.0,54.0,70.0,42.0,26.0,27.0,50.0,53.0,17.0,70.0,1.0,47.0,53.0,55.0,40.0,51.0,4.0,64.0,1
75,41.0,135.0,159.0,64.0,68.0,115.0,98.0,511.0,141.0,114.0,132.0,204.0,311.0,40.0,61.0,96.0,38.0,76.0,98.0,83.0,185.0,375.0,391.0,146.0,43.0,108.0,190.0,21.0,223.0,70.0,94.0,135.0,74.0,103.0,195.0,123.0,292.0,90.0,134.0,146.0,79.0,93.0,123.0,128.0,262.0,169.0,132.0,71.0,108.0,32.0,72.0,354.0,27.0,430.0,362.0,107.0,105.0,117.0,81.0,315.0,1
76,26.0,38.0,11.0,49.0,44.0,26.0,29.0,21.0,30.0,16.0,33.0,16.0,22.0,36.0,51.0,51.0,41.0,75.0,22.0,52.0,31.0,19.0,23.0,11.0,34.0,54.0,36.0,38.0,18.0,45.0,26.0,55.0,39.0,29.0,22.0,28.0,32.0,49.0,36.0,35.0,51.0,61.0,44.0,23.0,33.0,48.0,47.0,20.0,14.0,50.0,41.0,38.0,5.0,20.0,30.0,21.0,44.0,37.0,32.0,33.0,1
77,3.0,59.0,34.0,38.0,18.0,14.0,8.0,63.0,35.0,13.0,80.0,4.0,7.0,56.0,37.0,42.0,59.0,20.0,6.0,38.0,35.0,16.0,79.0,2.0,37.0,21.0,14.0,1.0,21.0,16.0,26.0,25.0,19.0,33.0,32.0,17.0,16.0,68.0,13.0,15.0,17.0,30.0,5.0,53.0,58.0,18.0,11.0,4.0,13.0,24.0,16.0,55.0,1.0,45.0,38.0,67.0,19.0,23.0,25.0,71.0,1
78,5.0,81.0,40.0,86.0,146.0,87.0,75.0,78.0,63.0,29.0,100.0,31.0,91.0,91.0,32.0,154.0,101.0,95.0,93.0,111.0,104.0,63.0,100.0,24.0,73.0,179.0,96.0,7.0,47.0,120.0,163.0,65.0,118.0,58.0,79.0,62.0,58.0,165.0,107.0,112.0,63.0,138.0,91.0,144.0,103.0,112.0,100.0,33.0,40.0,97.0,19.0,104.0,4.0,60.0,133.0,90.0,112.0,57.0,114.0,165.0,1
79,95.0,277.0,53.0,185.0,117.0,212.0,120.0,151.0,181.0,19.0,154.0,34.0,76.0,140.0,248.0,137.0,132.0,93.0,110.0,142.0,52.0,30.0,170.0,121.0,263.0,110.0,43.0,101.0,140.0,101.0,97.0,233.0,91.0,288.0,266.0,222.0,88.0,158.0,164.0,70.0,375.0,257.0,142.0,55.0,137.0,66.0,151.0,96.0,197.0,109.0,186.0,193.0,8.0,122.0,61.0,98.0,115.0,367.0,164.0,76.0,1
80,29.0,3.0,60.0,20.0,27.0,64.0,41.0,195.0,114.0,72.0,40.0,41.0,138.0,36.0,15.0,43.0,38.0,21.0,20.0,38.0,78.0,103.0,126.0,18.0,11.0,36.0,69.0,27.0,170.0,36.0,38.0,59.0,21.0,88.0,106.0,80.0,151.0,11.0,31.0,70.0,65.0,18.0,50.0,46.0,107.0,50.0,6.0,18.0,104.0,35.0,36.0,111.0,24.0,169.0,126.0,60.0,46.0,85.0,6.0,89.0,1
81,3.0,88.0,12.0,49.0,38.0,13.0,25.0,9.0,16.0,6.0,33.0,16.0,7.0,78.0,26.0,27.0,107.0,23.0,29.0,32.0,6.0,4.0,12.0,29.0,44.0,29.0,19.0,1.0,8.0,47.0,26.0,13.0,34.0,19.0,8.0,12.0,3.0,132.0,63.0,17.0,14.0,35.0,29.0,14.0,8.0,25.0,18.0,4.0,3.0,34.0,22.0,13.0,0.0,12.0,11.0,23.0,23.0,18.0,52.0,4.0,1
82,8.0,51.0,16.0,48.0,37.0,46.0,29.0,38.0,37.0,12.0,52.0,35.0,60.0,45.0,25.0,54.0,74.0,27.0,47.0,49.0,40.0,33.0,24.0,18.0,23.0,47.0,15.0,11.0,52.0,35.0,23.0,34.0,44.0,57.0,39.0,42.0,39.0,148.0,51.0,27.0,38.0,50.0,52.0,27.0,44.0,31.0,24.0,23.0,25.0,22.0,17.0,32.0,0.0,32.0,40.0,23.0,27.0,39.0,50.0,40.0,1
83,18.0,121.0,78.0,49.0,116.0,114.0,136.0,127.0,78.0,58.0,98.0,74.0,109.0,71.0,25.0,105.0,92.0,36.0,144.0,90.0,112.0,79.0,111.0,100.0,72.0,146.0,114.0,12.0,81.0,91.0,136.0,98.0,75.0,84.0,99.0,79.0,83.0,94.0,83.0,112.0,86.0,103.0,86.0,124.0,97.0,116.0,94.0,44.0,90.0,66.0,31.0,125.0,14.0,99.0,136.0,73.0,86.0,82.0,53.0,145.0,1
84,69.0,284.0,69.0,84.0,63.0,161.0,129.0,252.0,185.0,55.0,53.0,64.0,176.0,57.0,86.0,104.0,58.0,69.0,115.0,87.0,102.0,103.0,202.0,79.0,142.0,122.0,73.0,46.0,229.0,51.0,96.0,188.0,67.0,131.0,268.0,234.0,190.0,155.0,219.0,62.0,158.0,229.0,99.0,57.0,217.0,73.0,159.0,90.0,227.0,60.0,110.0,302.0,19.0,254.0,161.0,54.0,123.0,134.0,123.0,179.0,1
85,3.0,148.0,85.0,29.0,39.0,38.0,39.0,98.0,54.0,53.0,119.0,33.0,28.0,76.0,48.0,67.0,87.0,23.0,34.0,50.0,61.0,53.0,95.0,24.0,23.0,49.0,42.0,5.0,55.0,50.0,44.0,53.0,26.0,46.0,79.0,52.0,36.0,167.0,66.0,50.0,39.0,54.0,33.0,74.0,91.0,44.0,13.0,5.0,36.0,63.0,16.0,86.0,5.0,76.0,95.0,109.0,39.0,49.0,31.0,110.0,1
86,6.0,144.0,102.0,92.0,54.0,73.0,23.0,230.0,78.0,80.0,143.0,29.0,45.0,81.0,62.0,125.0,61.0,83.0,41.0,66.0,106.0,104.0,207.0,9.0,71.0,120.0,90.0,2.0,68.0,56.0,111.0,83.0,44.0,89.0,128.0,66.0,57.0,268.0,79.0,82.0,46.0,50.0,39.0,146.0,169.0,115.0,36.0,17.0,49.0,57.0,30.0,219.0,12.0,174.0,189.0,108.0,99.0,70.0,112.0,192.0,1
87,4.0,72.0,14.0,39.0,35.0,28.0,24.0,13.0,28.0,17.0,35.0,6.0,11.0,52.0,10.0,71.0,41.0,43.0,22.0,49.0,20.0,5.0,26.0,6.0,34.0,39.0,16.0,2.0,8.0,46.0,36.0,25.0,36.0,31.0,22.0,20.0,6.0,80.0,49.0,30.0,38.0,41.0,23.0,32.0,15.0,43.0,15.0,4.0,8.0,49.0,6.0,20.0,5.0,11.0,29.0,28.0,20.0,18.0,66.0,26.0,1
88,71.0,424.0,148.0,58.0,52.0,214.0,49.0,301.0,182.0,120.0,124.0,37.0,154.0,59.0,42.0,117.0,55.0,65.0,67.0,111.0,152.0,133.0,296.0,48.0,37.0,141.0,78.0,64.0,182.0,50.0,116.0,206.0,52.0,122.0,248.0,210.0,162.0,382.0,120.0,92.0,158.0,170.0,72.0,155.0,208.0,92.0,53.0,59.0,200.0,59.0,57.0,278.0,66.0,220.0,232.0,126.0,79.0,138.0,116.0,237.0,1
89,9.0,31.0,62.0,34.0,62.0,88.0,52.0,193.0,88.0,70.0,128.0,89.0,118.0,83.0,50.0,157.0,65.0,23.0,50.0,121.0,149.0,115.0,217.0,31.0,29.0,151.0,122.0,6.0,97.0,67.0,139.0,108.0,52.0,75.0,152.0,85.0,108.0,78.0,56.0,85.0,53.0,46.0,50.0,165.0,212.0,72.0,26.0,12.0,59.0,57.0,31.0,227.0,6.0,176.0,241.0,111.0,50.0,54.0,16.0,240.0,1
90,71.0,129.0,146.0,126.0,166.0,242.0,125.0,253.0,211.0,104.0,240.0,84.0,198.0,205.0,81.0,269.0,208.0,107.0,101.0,244.0,161.0,118.0,253.0,198.0,59.0,240.0,171.0,56.0,197.0,171.0,201.0,242.0,180.0,240.0,292.0,265.0,185.0,134.0,125.0,177.0,256.0,185.0,154.0,248.0,236.0,175.0,104.0,122.0,184.0,188.0,92.0,308.0,19.0,204.0,217.0,161.0,187.0,219.0,92.0,251.0,1
91,3.0,19.0,12.0,9.0,17.0,10.0,11.0,3.0,10.0,2.0,22.0,12.0,13.0,40.0,37.0,11.0,34.0,18.0,27.0,32.0,17.0,6.0,7.0,1.0,17.0,16.0,14.0,2.0,8.0,22.0,18.0,7.0,17.0,5.0,3.0,11.0,3.0,60.0,25.0,17.0,11.0,22.0,18.0,12.0,7.0,27.0,13.0,7.0,5.0,14.0,11.0,7.0,3.0,2.0,13.0,19.0,16.0,8.0,21.0,11.0,1
92,72.0,226.0,43.0,81.0,188.0,165.0,227.0,101.0,98.0,36.0,113.0,162.0,220.0,110.0,110.0,275.0,88.0,122.0,209.0,210.0,216.0,134.0,129.0,191.0,87.0,336.0,197.0,29.0,128.0,168.0,282.0,150.0,178.0,86.0,106.0,168.0,130.0,119.0,174.0,167.0,160.0,210.0,175.0,219.0,164.0,204.0,169.0,92.0,101.0,154.0,128.0,156.0,10.0,90.0,195.0,63.0,197.0,81.0,108.0,251.0,1
93,16.0,155.0,7.0,55.0,47.0,33.0,60.0,7.0,11.0,1.0,18.0,17.0,25.0,53.0,15.0,27.0,43.0,63.0,49.0,33.0,23.0,9.0,11.0,30.0,41.0,38.0,23.0,6.0,16.0,35.0,54.0,28.0,22.0,17.0,12.0,40.0,21.0,134.0,66.0,24.0,31.0,76.0,39.0,18.0,12.0,35.0,71.0,17.0,12.0,35.0,12.0,6.0,0.0,10.0,12.0,19.0,29.0,22.0,112.0,21.0,1
94,35.0,64.0,78.0,45.0,83.0,120.0,32.0,116.0,109.0,46.0,95.0,51.0,118.0,73.0,31.0,147.0,76.0,37.0,47.0,100.0,67.0,62.0,125.0,117.0,25.0,103.0,55.0,25.0,75.0,59.0,92.0,135.0,78.0,101.0,130.0,121.0,84.0,132.0,48.0,58.0,112.0,66.0,85.0,93.0,118.0,58.0,41.0,57.0,112.0,59.0,44.0,149.0,12.0,88.0,106.0,80.0,60.0,125.0,64.0,129.0,1
95,29.0,56.0,127.0,68.0,156.0,97.0,73.0,196.0,151.0,67.0,170.0,78.0,78.0,110.0,65.0,123.0,102.0,74.0,60.0,108.0,114.0,114.0,173.0,34.0,34.0,200.0,123.0,31.0,101.0,137.0,192.0,123.0,133.0,120.0,127.0,86.0,88.0,86.0,70.0,119.0,112.0,102.0,68.0,156.0,133.0,119.0,40.0,33.0,78.0,120.0,58.0,160.0,22.0,139.0,159.0,138.0,129.0,130.0,46.0,199.0,1
96,22.0,116.0,20.0,44.0,26.0,29.0,40.0,36.0,27.0,6.0,29.0,35.0,60.0,24.0,30.0,42.0,27.0,35.0,69.0,35.0,43.0,28.0,46.0,61.0,41.0,29.0,24.0,12.0,22.0,48.0,48.0,32.0,26.0,26.0,16.0,37.0,37.0,68.0,60.0,26.0,26.0,43.0,48.0,38.0,36.0,43.0,35.0,38.0,35.0,38.0,30.0,38.0,0.0,21.0,44.0,13.0,32.0,16.0,57.0,58.0,1
97,23.0,34.0,57.0,24.0,51.0,71.0,69.0,88.0,61.0,34.0,84.0,36.0,80.0,45.0,46.0,42.0,41.0,49.0,40.0,39.0,55.0,59.0,77.0,77.0,16.0,57.0,53.0,14.0,70.0,37.0,70.0,54.0,43.0,66.0,68.0,52.0,67.0,16.0,26.0,74.0,63.0,60.0,58.0,59.0,62.0,74.0,20.0,30.0,53.0,41.0,26.0,81.0,9.0,64.0,75.0,65.0,91.0,83.0,38.0,72.0,1
98,2.0,9.0,1.0,3.0,9.0,5.0,10.0,0.0,2.0,1.0,2.0,9.0,11.0,1.0,1.0,7.0,3.0,6.0,8.0,1.0,0.0,4.0,2.0,3.0,1.0,6.0,6.0,0.0,5.0,4.0,5.0,3.0,2.0,5.0,5.0,10.0,6.0,2.0,2.0,2.0,5.0,4.0,9.0,2.0,3.0,7.0,10.0,2.0,0.0,7.0,1.0,6.0,4.0,0.0,6.0,1.0,12.0,1.0,3.0,6.0,1
99,0.0,126.0,6.0,35.0,45.0,6.0,26.0,5.0,9.0,8.0,22.0,8.0,7.0,63.0,21.0,25.0,63.0,32.0,28.0,21.0,8.0,6.0,10.0,9.0,25.0,19.0,18.0,0.0,7.0,50.0,28.0,9.0,30.0,17.0,6.0,13.0,10.0,138.0,42.0,24.0,13.0,26.0,17.0,17.0,13.0,23.0,19.0,7.0,3.0,35.0,7.0,9.0,0.0,9.0,17.0,9.0,24.0,6.0,51.0,19.0,1
100,56.0,91.0,14.0,25.0,13.0,70.0,54.0,38.0,89.0,13.0,49.0,20.0,66.0,46.0,15.0,47.0,48.0,55.0,46.0,36.0,34.0,17.0,57.0,30.0,33.0,37.0,27.0,37.0,55.0,31.0,20.0,78.0,22.0,48.0,100.0,76.0,49.0,54.0,26.0,35.0,88.0,40.0,78.0,11.0,54.0,43.0,40.0,42.0,83.0,28.0,36.0,53.0,1.0,55.0,23.0,29.0,59.0,66.0,36.0,36.0,3
101,7.0,139.0,9.0,45.0,60.0,17.0,35.0,6.0,20.0,4.0,20.0,18.0,24.0,46.0,72.0,46.0,64.0,29.0,54.0,49.0,22.0,13.0,12.0,69.0,65.0,26.0,21.0,4.0,22.0,44.0,37.0,21.0,44.0,21.0,9.0,23.0,18.0,321.0,72.0,32.0,16.0,53.0,36.0,17.0,12.0,26.0,43.0,40.0,12.0,34.0,26.0,16.0,3.0,8.0,15.0,11.0,17.0,24.0,47.0,21.0,3
102,54.0,208.0,19.0,64.0,54.0,70.0,121.0,17.0,44.0,19.0,40.0,75.0,73.0,85.0,118.0,44.0,99.0,55.0,114.0,72.0,38.0,35.0,37.0,105.0,106.0,41.0,43.0,60.0,50.0,45.0,38.0,73.0,49.0,46.0,34.0,73.0,41.0,272.0,70.0,44.0,121.0,92.0,80.0,23.0,38.0,47.0,91.0,62.0,82.0,52.0,92.0,23.0,4.0,25.0,39.0,34.0,37.0,66.0,50.0,25.0,3
103,33.0,116.0,20.0,29.0,53.0,35.0,132.0,73.0,33.0,43.0,22.0,207.0,69.0,32.0,72.0,23.0,37.0,51.0,134.0,16.0,67.0,106.0,69.0,138.0,75.0,57.0,97.0,39.0,49.0,28.0,57.0,23.0,40.0,25.0,34.0,29.0,63.0,83.0,53.0,78.0,50.0,61.0,49.0,45.0,84.0,41.0,145.0,62.0,32.0,18.0,60.0,50.0,5.0,57.0,77.0,26.0,36.0,27.0,47.0,88.0,3
104,5.0,76.0,57.0,30.0,59.0,54.0,48.0,160.0,68.0,32.0,84.0,43.0,55.0,75.0,25.0,65.0,65.0,66.0,46.0,44.0,70.0,48.0,124.0,40.0,19.0,56.0,62.0,6.0,66.0,44.0,44.0,59.0,29.0,72.0,75.0,50.0,48.0,114.0,120.0,97.0,69.0,59.0,60.0,49.0,93.0,71.0,59.0,28.0,33.0,39.0,28.0,109.0,2.0,111.0,73.0,50.0,69.0,67.0,52.0,77.0,3
105,16.0,112.0,25.0,69.0,75.0,35.0,99.0,41.0,24.0,15.0,37.0,94.0,52.0,81.0,102.0,74.0,77.0,48.0,106.0,49.0,49.0,58.0,48.0,25.0,74.0,61.0,52.0,8.0,39.0,44.0,67.0,32.0,74.0,32.0,16.0,30.0,32.0,205.0,104.0,65.0,31.0,91.0,67.0,53.0,64.0,50.0,71.0,21.0,24.0,50.0,30.0,44.0,1.0,33.0,55.0,32.0,28.0,16.0,76.0,65.0,3
106,24.0,76.0,10.0,123.0,64.0,38.0,46.0,19.0,24.0,13.0,16.0,17.0,31.0,29.0,82.0,24.0,34.0,86.0,47.0,24.0,21.0,14.0,24.0,26.0,50.0,27.0,26.0,45.0,32.0,24.0,31.0,32.0,35.0,29.0,35.0,39.0,34.0,216.0,107.0,35.0,44.0,84.0,58.0,27.0,33.0,33.0,99.0,59.0,53.0,9.0,33.0,22.0,9.0,16.0,22.0,7.0,32.0,44.0,106.0,16.0,3
107,96.0,45.0,23.0,53.0,85.0,78.0,41.0,33.0,53.0,39.0,52.0,46.0,144.0,71.0,51.0,43.0,72.0,34.0,42.0,45.0,49.0,57.0,33.0,212.0,37.0,56.0,47.0,65.0,82.0,15.0,36.0,57.0,62.0,58.0,62.0,78.0,84.0,102.0,100.0,51.0,79.0,155.0,81.0,37.0,37.0,44.0,94.0,93.0,57.0,38.0,47.0,44.0,13.0,33.0,59.0,25.0,50.0,64.0,39.0,54.0,3
108,1.0,141.0,10.0,30.0,24.0,18.0,57.0,18.0,12.0,10.0,16.0,28.0,12.0,23.0,19.0,16.0,30.0,47.0,49.0,22.0,23.0,18.0,13.0,32.0,19.0,31.0,26.0,4.0,13.0,40.0,28.0,19.0,26.0,10.0,3.0,9.0,13.0,85.0,69.0,21.0,11.0,44.0,23.0,18.0,10.0,15.0,49.0,15.0,7.0,36.0,8.0,18.0,0.0,7.0,18.0,13.0,15.0,6.0,70.0,18.0,3
109,11.0,215.0,17.0,15.0,15.0,32.0,24.0,37.0,36.0,31.0,34.0,16.0,70.0,19.0,24.0,37.0,21.0,21.0,16.0,25.0,33.0,32.0,62.0,27.0,35.0,38.0,20.0,7.0,50.0,19.0,39.0,43.0,19.0,14.0,41.0,36.0,43.0,220.0,66.0,44.0,32.0,44.0,37.0,37.0,49.0,27.0,27.0,32.0,41.0,18.0,21.0,45.0,12.0,22.0,46.0,19.0,26.0,22.0,45.0,70.0,3
110,8.0,242.0,15.0,75.0,29.0,16.0,45.0,2.0,21.0,6.0,27.0,13.0,17.0,53.0,71.0,20.0,58.0,87.0,34.0,21.0,12.0,10.0,11.0,22.0,29.0,20.0,9.0,14.0,16.0,42.0,18.0,18.0,32.0,30.0,7.0,15.0,15.0,338.0,58.0,11.0,25.0,39.0,24.0,13.0,15.0,29.0,25.0,14.0,12.0,30.0,21.0,9.0,4.0,12.0,5.0,11.0,22.0,32.0,144.0,7.0,3
111,8.0,182.0,19.0,67.0,37.0,46.0,71.0,11.0,41.0,10.0,39.0,23.0,49.0,65.0,132.0,60.0,84.0,41.0,74.0,51.0,25.0,26.0,19.0,103.0,94.0,51.0,21.0,14.0,35.0,44.0,34.0,38.0,29.0,54.0,24.0,43.0,48.0,136.0,89.0,32.0,84.0,101.0,40.0,26.0,27.0,25.0,72.0,56.0,27.0,57.0,53.0,31.0,1.0,16.0,31.0,33.0,35.0,60.0,64.0,36.0,3
112,12.0,38.0,91.0,17.0,51.0,75.0,41.0,153.0,104.0,50.0,116.0,30.0,43.0,65.0,16.0,44.0,57.0,31.0,39.0,43.0,58.0,71.0,136.0,19.0,18.0,51.0,60.0,5.0,79.0,45.0,57.0,87.0,35.0,72.0,101.0,68.0,64.0,10.0,28.0,64.0,74.0,61.0,45.0,81.0,103.0,58.0,17.0,7.0,61.0,48.0,15.0,106.0,3.0,108.0,102.0,115.0,55.0,83.0,24.0,102.0,3
113,13.0,59.0,9.0,46.0,31.0,22.0,40.0,12.0,12.0,6.0,18.0,39.0,36.0,33.0,46.0,23.0,32.0,40.0,45.0,24.0,11.0,21.0,12.0,55.0,52.0,31.0,18.0,6.0,17.0,35.0,30.0,23.0,40.0,5.0,11.0,18.0,23.0,35.0,67.0,18.0,34.0,90.0,21.0,12.0,5.0,21.0,63.0,40.0,9.0,12.0,23.0,8.0,2.0,7.0,16.0,8.0,19.0,18.0,34.0,24.0,3
114,1.0,47.0,39.0,24.0,50.0,45.0,40.0,88.0,49.0,15.0,79.0,33.0,30.0,72.0,18.0,50.0,71.0,60.0,46.0,38.0,62.0,42.0,83.0,63.0,6.0,42.0,55.0,7.0,35.0,36.0,49.0,32.0,39.0,43.0,45.0,45.0,42.0,87.0,48.0,53.0,37.0,35.0,69.0,70.0,69.0,61.0,23.0,12.0,21.0,36.0,16.0,93.0,5.0,62.0,58.0,60.0,49.0,36.0,65.0,66.0,3
115,3.0,105.0,9.0,49.0,25.0,24.0,54.0,25.0,7.0,15.0,23.0,29.0,11.0,23.0,29.0,18.0,17.0,36.0,56.0,14.0,30.0,19.0,24.0,23.0,34.0,39.0,28.0,4.0,14.0,32.0,27.0,10.0,38.0,12.0,10.0,10.0,23.0,46.0,30.0,40.0,15.0,58.0,29.0,31.0,25.0,30.0,53.0,13.0,8.0,23.0,20.0,28.0,2.0,22.0,28.0,23.0,37.0,12.0,44.0,26.0,3
116,5.0,63.0,17.0,34.0,31.0,51.0,34.0,26.0,36.0,5.0,33.0,7.0,29.0,47.0,21.0,66.0,35.0,30.0,26.0,44.0,36.0,15.0,38.0,9.0,47.0,55.0,25.0,9.0,20.0,40.0,59.0,34.0,36.0,20.0,20.0,33.0,11.0,53.0,65.0,34.0,24.0,89.0,33.0,40.0,31.0,39.0,19.0,8.0,11.0,23.0,16.0,48.0,4.0,22.0,62.0,17.0,46.0,18.0,48.0,43.0,3
117,10.0,125.0,28.0,63.0,43.0,27.0,46.0,40.0,39.0,15.0,68.0,22.0,20.0,93.0,125.0,64.0,95.0,86.0,59.0,44.0,39.0,20.0,36.0,21.0,97.0,26.0,36.0,8.0,33.0,76.0,33.0,45.0,43.0,26.0,35.0,32.0,19.0,180.0,66.0,50.0,43.0,61.0,59.0,33.0,39.0,27.0,23.0,27.0,25.0,90.0,48.0,33.0,5.0,37.0,37.0,44.0,35.0,24.0,71.0,32.0,3
118,9.0,110.0,75.0,23.0,32.0,44.0,108.0,251.0,45.0,63.0,22.0,174.0,100.0,28.0,14.0,33.0,24.0,31.0,94.0,20.0,86.0,186.0,183.0,134.0,40.0,41.0,88.0,7.0,129.0,22.0,35.0,49.0,28.0,29.0,80.0,59.0,87.0,198.0,40.0,48.0,14.0,24.0,39.0,52.0,125.0,29.0,41.0,34.0,52.0,14.0,21.0,134.0,20.0,185.0,135.0,50.0,12.0,27.0,99.0,122.0,3
119,16.0,118.0,12.0,38.0,37.0,40.0,29.0,15.0,35.0,9.0,29.0,16.0,33.0,43.0,35.0,63.0,37.0,39.0,42.0,55.0,31.0,21.0,23.0,52.0,41.0,64.0,21.0,23.0,17.0,52.0,41.0,35.0,34.0,26.0,33.0,49.0,20.0,169.0,66.0,28.0,65.0,72.0,51.0,20.0,26.0,36.0,82.0,28.0,19.0,60.0,31.0,26.0,3.0,12.0,18.0,12.0,33.0,40.0,49.0,26.0,3
120,2.0,67.0,8.0,15.0,23.0,11.0,54.0,5.0,7.0,3.0,16.0,45.0,20.0,34.0,7.0,13.0,37.0,12.0,44.0,12.0,15.0,13.0,2.0,28.0,10.0,17.0,22.0,1.0,13.0,27.0,17.0,8.0,36.0,3.0,10.0,15.0,18.0,83.0,24.0,20.0,5.0,20.0,13.0,15.0,11.0,16.0,14.0,5.0,4.0,27.0,7.0,4.0,2.0,6.0,10.0,16.0,9.0,4.0,58.0,12.0,3
121,11.0,199.0,21.0,45.0,34.0,62.0,40.0,30.0,44.0,3.0,33.0,11.0,30.0,66.0,59.0,37.0,74.0,32.0,51.0,40.0,13.0,14.0,26.0,42.0,47.0,36.0,27.0,9.0,47.0,30.0,25.0,43.0,27.0,50.0,52.0,45.0,45.0,201.0,60.0,21.0,73.0,86.0,29.0,18.0,35.0,25.0,47.0,31.0,45.0,55.0,23.0,42.0,6.0,23.0,18.0,28.0,32.0,59.0,46.0,23.0,3
122,24.0,222.0,17.0,44.0,40.0,49.0,133.0,36.0,31.0,9.0,39.0,87.0,37.0,42.0,34.0,34.0,27.0,49.0,140.0,33.0,24.0,41.0,33.0,93.0,46.0,59.0,31.0,19.0,43.0,39.0,56.0,22.0,50.0,28.0,31.0,37.0,55.0,84.0,85.0,36.0,20.0,77.0,56.0,18.0,22.0,39.0,119.0,47.0,19.0,33.0,33.0,29.0,7.0,13.0,17.0,19.0,41.0,31.0,48.0,36.0,3
123,21.0,261.0,21.0,75.0,29.0,33.0,58.0,16.0,35.0,13.0,17.0,17.0,10.0,51.0,71.0,30.0,52.0,69.0,82.0,37.0,13.0,15.0,21.0,24.0,72.0,32.0,19.0,30.0,19.0,63.0,17.0,24.0,40.0,28.0,14.0,50.0,29.0,169.0,79.0,30.0,52.0,109.0,52.0,17.0,18.0,56.0,82.0,33.0,23.0,55.0,36.0,10.0,5.0,10.0,23.0,17.0,65.0,39.0,56.0,20.0,3
124,25.0,82.0,62.0,21.0,63.0,75.0,77.0,88.0,48.0,61.0,72.0,108.0,80.0,23.0,14.0,59.0,16.0,41.0,73.0,56.0,93.0,109.0,110.0,42.0,23.0,68.0,93.0,30.0,74.0,49.0,87.0,60.0,33.0,56.0,70.0,91.0,88.0,1.0,38.0,82.0,65.0,41.0,63.0,64.0,112.0,73.0,37.0,46.0,58.0,44.0,22.0,89.0,15.0,81.0,125.0,67.0,78.0,51.0,25.0,128.0,3
125,38.0,142.0,65.0,135.0,68.0,29.0,55.0,52.0,39.0,34.0,73.0,30.0,31.0,100.0,28.0,61.0,83.0,118.0,57.0,63.0,34.0,44.0,32.0,22.0,53.0,56.0,50.0,101.0,28.0,71.0,48.0,36.0,61.0,32.0,48.0,48.0,43.0,157.0,107.0,72.0,45.0,87.0,49.0,41.0,38.0,101.0,22.0,28.0,58.0,89.0,43.0,49.0,55.0,33.0,20.0,58.0,60.0,49.0,101.0,44.0,3
126,74.0,78.0,34.0,58.0,31.0,42.0,30.0,22.0,35.0,11.0,24.0,29.0,40.0,40.0,45.0,24.0,32.0,65.0,29.0,32.0,14.0,29.0,26.0,45.0,61.0,33.0,11.0,105.0,41.0,28.0,34.0,43.0,18.0,47.0,32.0,56.0,29.0,67.0,54.0,39.0,95.0,119.0,45.0,13.0,24.0,45.0,48.0,51.0,78.0,33.0,86.0,26.0,13.0,21.0,19.0,22.0,39.0,49.0,59.0,31.0,3
127,22.0,121.0,8.0,28.0,54.0,43.0,98.0,13.0,18.0,7.0,21.0,51.0,84.0,40.0,9.0,41.0,45.0,32.0,127.0,44.0,23.0,18.0,16.0,85.0,31.0,54.0,46.0,11.0,40.0,44.0,65.0,22.0,49.0,14.0,34.0,28.0,44.0,56.0,65.0,35.0,34.0,56.0,45.0,27.0,34.0,36.0,50.0,59.0,19.0,44.0,18.0,29.0,3.0,14.0,47.0,13.0,30.0,20.0,51.0,39.0,3
128,29.0,16.0,55.0,19.0,45.0,114.0,40.0,222.0,116.0,60.0,56.0,58.0,97.0,45.0,30.0,86.0,34.0,14.0,25.0,70.0,100.0,106.0,280.0,21.0,21.0,70.0,61.0,47.0,135.0,28.0,67.0,142.0,37.0,111.0,164.0,124.0,106.0,21.0,30.0,46.0,134.0,48.0,46.0,97.0,182.0,27.0,39.0,33.0,168.0,33.0,45.0,206.0,17.0,207.0,178.0,62.0,34.0,106.0,13.0,150.0,3
129,33.0,60.0,26.0,52.0,50.0,58.0,47.0,52.0,56.0,23.0,42.0,46.0,103.0,53.0,46.0,38.0,75.0,42.0,32.0,50.0,60.0,43.0,42.0,185.0,30.0,51.0,65.0,18.0,39.0,40.0,55.0,51.0,42.0,48.0,28.0,54.0,77.0,133.0,98.0,52.0,45.0,88.0,59.0,45.0,50.0,48.0,88.0,91.0,34.0,41.0,54.0,55.0,6.0,43.0,67.0,29.0,48.0,64.0,35.0,65.0,3
130,15.0,210.0,25.0,59.0,37.0,46.0,96.0,40.0,27.0,22.0,20.0,149.0,59.0,32.0,79.0,28.0,29.0,68.0,100.0,22.0,56.0,62.0,48.0,117.0,61.0,44.0,26.0,5.0,39.0,30.0,41.0,25.0,37.0,19.0,20.0,33.0,66.0,179.0,54.0,47.0,23.0,91.0,45.0,21.0,51.0,37.0,97.0,43.0,16.0,33.0,30.0,41.0,5.0,51.0,75.0,16.0,35.0,21.0,61.0,50.0,3
131,29.0,187.0,5.0,64.0,73.0,45.0,55.0,6.0,19.0,6.0,19.0,18.0,34.0,48.0,72.0,47.0,38.0,60.0,79.0,45.0,28.0,8.0,8.0,70.0,58.0,44.0,22.0,21.0,14.0,54.0,61.0,24.0,38.0,33.0,16.0,29.0,28.0,140.0,109.0,22.0,57.0,133.0,39.0,18.0,11.0,43.0,82.0,36.0,24.0,63.0,49.0,14.0,3.0,9.0,19.0,4.0,36.0,46.0,74.0,26.0,3
132,140.0,32.0,35.0,30.0,42.0,133.0,40.0,84.0,146.0,31.0,59.0,31.0,142.0,39.0,53.0,83.0,29.0,50.0,32.0,118.0,64.0,49.0,84.0,41.0,81.0,72.0,57.0,138.0,114.0,32.0,60.0,157.0,18.0,118.0,127.0,157.0,113.0,22.0,63.0,61.0,182.0,55.0,117.0,69.0,110.0,65.0,117.0,82.0,182.0,46.0,96.0,97.0,18.0,90.0,80.0,37.0,59.0,112.0,24.0,81.0,3
133,6.0,182.0,20.0,99.0,34.0,55.0,60.0,27.0,44.0,8.0,35.0,46.0,41.0,56.0,52.0,56.0,74.0,69.0,64.0,47.0,39.0,34.0,34.0,24.0,52.0,40.0,41.0,9.0,55.0,53.0,42.0,43.0,51.0,58.0,51.0,63.0,49.0,135.0,102.0,48.0,66.0,88.0,71.0,33.0,38.0,55.0,55.0,23.0,29.0,50.0,28.0,41.0,1.0,20.0,33.0,36.0,61.0,44.0,80.0,45.0,3
134,12.0,119.0,7.0,51.0,39.0,37.0,41.0,14.0,40.0,7.0,37.0,23.0,39.0,70.0,32.0,28.0,66.0,45.0,31.0,27.0,16.0,19.0,10.0,34.0,48.0,23.0,14.0,18.0,29.0,24.0,19.0,44.0,25.0,26.0,13.0,32.0,18.0,240.0,59.0,18.0,28.0,32.0,50.0,25.0,18.0,23.0,33.0,26.0,30.0,25.0,24.0,12.0,1.0,9.0,17.0,14.0,24.0,35.0,65.0,19.0,3
135,19.0,52.0,13.0,68.0,28.0,54.0,27.0,19.0,37.0,4.0,67.0,7.0,15.0,96.0,83.0,77.0,100.0,53.0,27.0,80.0,25.0,14.0,33.0,25.0,105.0,57.0,29.0,9.0,28.0,51.0,32.0,56.0,39.0,57.0,41.0,58.0,22.0,114.0,105.0,38.0,115.0,91.0,56.0,24.0,21.0,48.0,51.0,34.0,23.0,66.0,29.0,42.0,2.0,14.0,32.0,31.0,54.0,48.0,61.0,28.0,3
136,14.0,148.0,25.0,94.0,16.0,64.0,31.0,37.0,80.0,19.0,77.0,22.0,40.0,84.0,46.0,65.0,81.0,72.0,36.0,65.0,30.0,25.0,50.0,40.0,48.0,58.0,22.0,14.0,49.0,35.0,39.0,81.0,31.0,68.0,53.0,66.0,37.0,152.0,111.0,38.0,104.0,123.0,84.0,19.0,53.0,48.0,71.0,21.0,52.0,39.0,52.0,38.0,9.0,26.0,27.0,33.0,65.0,66.0,53.0,33.0,3
137,4.0,79.0,91.0,53.0,20.0,36.0,26.0,145.0,54.0,39.0,97.0,67.0,35.0,98.0,94.0,34.0,87.0,33.0,25.0,24.0,74.0,92.0,140.0,35.0,29.0,36.0,46.0,11.0,74.0,32.0,30.0,75.0,23.0,43.0,65.0,38.0,60.0,97.0,49.0,69.0,33.0,19.0,24.0,66.0,90.0,54.0,5.0,18.0,24.0,42.0,28.0,104.0,8.0,131.0,109.0,84.0,38.0,58.0,45.0,72.0,3
138,55.0,295.0,28.0,23.0,41.0,58.0,123.0,77.0,41.0,20.0,41.0,120.0,119.0,42.0,119.0,63.0,37.0,35.0,131.0,64.0,53.0,50.0,83.0,93.0,73.0,79.0,72.0,42.0,63.0,43.0,91.0,63.0,53.0,33.0,67.0,84.0,66.0,167.0,77.0,31.0,60.0,65.0,68.0,54.0,66.0,41.0,95.0,48.0,42.0,81.0,91.0,78.0,10.0,69.0,99.0,23.0,34.0,35.0,53.0,79.0,3
139,7.0,43.0,51.0,16.0,45.0,83.0,81.0,143.0,87.0,58.0,66.0,81.0,138.0,23.0,23.0,95.0,42.0,35.0,77.0,83.0,92.0,124.0,151.0,45.0,18.0,85.0,103.0,6.0,109.0,47.0,99.0,92.0,48.0,79.0,113.0,86.0,150.0,13.0,43.0,98.0,61.0,30.0,99.0,64.0,113.0,81.0,37.0,32.0,75.0,46.0,23.0,116.0,15.0,112.0,127.0,55.0,70.0,74.0,19.0,105.0,3
140,10.0,52.0,29.0,22.0,34.0,47.0,26.0,79.0,40.0,27.0,49.0,45.0,39.0,50.0,24.0,43.0,55.0,27.0,35.0,27.0,63.0,47.0,59.0,19.0,47.0,50.0,46.0,4.0,41.0,28.0,44.0,41.0,24.0,28.0,46.0,38.0,38.0,94.0,43.0,47.0,44.0,38.0,30.0,61.0,72.0,35.0,18.0,22.0,39.0,26.0,15.0,69.0,1.0,61.0,77.0,34.0,43.0,30.0,25.0,79.0,3
141,15.0,108.0,53.0,59.0,62.0,49.0,56.0,56.0,61.0,42.0,99.0,33.0,48.0,127.0,90.0,86.0,130.0,41.0,54.0,59.0,39.0,29.0,57.0,83.0,54.0,68.0,33.0,24.0,49.0,63.0,48.0,40.0,66.0,98.0,56.0,51.0,61.0,117.0,123.0,59.0,80.0,146.0,63.0,49.0,48.0,66.0,62.0,34.0,39.0,54.0,46.0,68.0,17.0,48.0,40.0,79.0,81.0,91.0,57.0,59.0,3
142,26.0,7.0,42.0,11.0,60.0,96.0,128.0,198.0,66.0,44.0,31.0,233.0,210.0,22.0,13.0,47.0,17.0,16.0,98.0,58.0,159.0,235.0,176.0,57.0,10.0,69.0,126.0,9.0,184.0,18.0,73.0,99.0,53.0,40.0,77.0,74.0,190.0,8.0,43.0,63.0,45.0,16.0,58.0,74.0,192.0,50.0,24.0,32.0,58.0,26.0,21.0,165.0,15.0,160.0,241.0,39.0,36.0,39.0,9.0,164.0,3
143,23.0,172.0,18.0,78.0,38.0,38.0,97.0,25.0,20.0,13.0,21.0,71.0,28.0,62.0,59.0,32.0,53.0,70.0,86.0,27.0,30.0,44.0,17.0,76.0,81.0,42.0,33.0,23.0,32.0,31.0,55.0,31.0,42.0,30.0,14.0,28.0,35.0,181.0,79.0,31.0,70.0,116.0,46.0,19.0,21.0,32.0,108.0,40.0,19.0,32.0,51.0,24.0,3.0,12.0,28.0,23.0,36.0,30.0,61.0,33.0,3
144,9.0,216.0,70.0,63.0,55.0,37.0,156.0,35.0,23.0,30.0,73.0,174.0,42.0,59.0,57.0,34.0,73.0,51.0,159.0,45.0,50.0,68.0,45.0,61.0,13.0,57.0,49.0,27.0,56.0,52.0,64.0,33.0,56.0,41.0,26.0,38.0,81.0,202.0,91.0,51.0,34.0,89.0,46.0,31.0,47.0,49.0,47.0,14.0,40.0,42.0,16.0,33.0,63.0,27.0,53.0,60.0,34.0,36.0,67.0,44.0,3
145,24.0,144.0,19.0,139.0,60.0,26.0,43.0,22.0,23.0,17.0,32.0,21.0,27.0,46.0,26.0,33.0,29.0,120.0,35.0,35.0,32.0,24.0,33.0,19.0,17.0,40.0,31.0,32.0,28.0,37.0,41.0,24.0,54.0,22.0,22.0,22.0,13.0,152.0,44.0,44.0,28.0,84.0,58.0,31.0,23.0,71.0,56.0,34.0,26.0,45.0,25.0,23.0,14.0,20.0,37.0,17.0,73.0,16.0,127.0,34.0,3
146,46.0,240.0,40.0,60.0,49.0,36.0,99.0,72.0,39.0,29.0,69.0,77.0,52.0,61.0,10.0,45.0,86.0,70.0,126.0,36.0,41.0,43.0,74.0,41.0,52.0,56.0,56.0,44.0,43.0,64.0,57.0,23.0,56.0,25.0,22.0,34.0,56.0,69.0,110.0,65.0,31.0,74.0,60.0,46.0,38.0,82.0,74.0,28.0,24.0,66.0,31.0,57.0,20.0,71.0,52.0,40.0,61.0,21.0,57.0,51.0,3
147,33.0,61.0,8.0,78.0,38.0,62.0,32.0,2.0,36.0,1.0,22.0,21.0,38.0,76.0,112.0,54.0,62.0,42.0,37.0,45.0,22.0,9.0,6.0,34.0,96.0,34.0,13.0,68.0,29.0,35.0,29.0,35.0,33.0,38.0,17.0,64.0,22.0,188.0,109.0,22.0,103.0,112.0,67.0,14.0,20.0,17.0,94.0,71.0,19.0,30.0,114.0,14.0,0.0,6.0,20.0,11.0,17.0,52.0,46.0,18.0,3
148,9.0,102.0,16.0,30.0,63.0,42.0,88.0,26.0,36.0,12.0,26.0,81.0,58.0,43.0,37.0,49.0,55.0,45.0,110.0,38.0,38.0,43.0,26.0,57.0,43.0,59.0,37.0,9.0,62.0,36.0,47.0,34.0,49.0,33.0,32.0,40.0,70.0,130.0,100.0,49.0,48.0,79.0,54.0,19.0,47.0,31.0,47.0,35.0,32.0,32.0,50.0,35.0,2.0,38.0,39.0,15.0,39.0,36.0,85.0,34.0,3
149,33.0,189.0,7.0,58.0,36.0,26.0,62.0,12.0,12.0,5.0,14.0,26.0,32.0,57.0,65.0,32.0,36.0,18.0,59.0,29.0,22.0,16.0,7.0,133.0,85.0,27.0,17.0,16.0,19.0,32.0,30.0,32.0,37.0,23.0,14.0,37.0,32.0,190.0,167.0,21.0,52.0,80.0,55.0,17.0,10.0,27.0,102.0,51.0,21.0,32.0,55.0,7.0,0.0,6.0,20.0,8.0,28.0,32.0,78.0,19.0,3
150,2.0,2.0,4.0,4.0,5.0,3.0,6.0,3.0,4.0,0.0,8.0,5.0,7.0,2.0,1.0,6.0,1.0,3.0,10.0,8.0,7.0,1.0,0.0,3.0,3.0,6.0,5.0,1.0,5.0,2.0,5.0,0.0,4.0,4.0,2.0,3.0,2.0,0.0,6.0,4.0,4.0,3.0,5.0,4.0,5.0,2.0,12.0,4.0,2.0,1.0,4.0,2.0,0.0,0.0,5.0,1.0,7.0,3.0,9.0,3.0,4
151,128.0,102.0,110.0,78.0,208.0,251.0,114.0,150.0,164.0,84.0,120.0,110.0,192.0,115.0,79.0,206.0,142.0,117.0,113.0,192.0,152.0,99.0,193.0,135.0,73.0,257.0,145.0,98.0,160.0,168.0,218.0,219.0,181.0,129.0,214.0,236.0,163.0,86.0,115.0,181.0,240.0,157.0,158.0,233.0,167.0,162.0,128.0,123.0,233.0,168.0,80.0,215.0,33.0,108.0,191.0,119.0,147.0,150.0,109.0,229.0,4
152,2.0,22.0,8.0,8.0,16.0,9.0,33.0,18.0,10.0,9.0,20.0,31.0,22.0,23.0,6.0,20.0,24.0,19.0,35.0,11.0,17.0,10.0,33.0,20.0,2.0,28.0,15.0,0.0,9.0,17.0,24.0,9.0,20.0,8.0,11.0,5.0,19.0,21.0,35.0,36.0,7.0,22.0,17.0,12.0,15.0,21.0,2.0,13.0,4.0,20.0,2.0,11.0,2.0,15.0,22.0,17.0,17.0,13.0,8.0,18.0,4
153,1.0,17.0,9.0,7.0,11.0,8.0,11.0,4.0,15.0,2.0,6.0,21.0,12.0,18.0,21.0,13.0,21.0,9.0,15.0,14.0,8.0,18.0,14.0,7.0,10.0,7.0,9.0,0.0,8.0,17.0,8.0,7.0,20.0,7.0,4.0,7.0,10.0,19.0,28.0,16.0,10.0,19.0,9.0,12.0,11.0,14.0,4.0,1.0,5.0,17.0,9.0,9.0,1.0,5.0,6.0,2.0,11.0,9.0,13.0,20.0,4
154,0.0,13.0,3.0,0.0,5.0,2.0,6.0,1.0,4.0,3.0,9.0,5.0,2.0,12.0,3.0,5.0,2.0,4.0,5.0,5.0,6.0,6.0,2.0,7.0,0.0,7.0,3.0,0.0,2.0,8.0,4.0,2.0,11.0,7.0,4.0,7.0,2.0,9.0,7.0,2.0,1.0,2.0,2.0,5.0,2.0,10.0,6.0,0.0,0.0,3.0,3.0,3.0,0.0,2.0,1.0,5.0,9.0,5.0,3.0,10.0,4
155,68.0,334.0,40.0,191.0,166.0,394.0,89.0,107.0,314.0,24.0,171.0,25.0,207.0,300.0,140.0,497.0,291.0,122.0,78.0,456.0,94.0,43.0,117.0,53.0,335.0,379.0,100.0,93.0,233.0,124.0,301.0,482.0,168.0,287.0,377.0,458.0,150.0,382.0,166.0,114.0,638.0,349.0,190.0,153.0,227.0,146.0,229.0,81.0,339.0,121.0,116.0,253.0,4.0,96.0,149.0,96.0,193.0,302.0,169.0,205.0,4
156,5.0,195.0,33.0,45.0,24.0,41.0,44.0,74.0,52.0,28.0,52.0,43.0,48.0,56.0,26.0,23.0,59.0,27.0,40.0,18.0,31.0,32.0,36.0,38.0,21.0,48.0,26.0,7.0,47.0,27.0,36.0,44.0,23.0,44.0,69.0,53.0,42.0,161.0,69.0,32.0,54.0,78.0,17.0,33.0,52.0,22.0,35.0,24.0,64.0,31.0,12.0,53.0,11.0,41.0,54.0,33.0,27.0,45.0,60.0,51.0,4
157,19.0,34.0,25.0,28.0,54.0,42.0,49.0,78.0,31.0,22.0,48.0,35.0,46.0,47.0,37.0,46.0,41.0,47.0,28.0,49.0,49.0,45.0,51.0,55.0,29.0,56.0,51.0,12.0,52.0,25.0,59.0,36.0,50.0,42.0,38.0,49.0,36.0,30.0,42.0,60.0,30.0,63.0,62.0,58.0,70.0,46.0,21.0,33.0,44.0,34.0,24.0,58.0,7.0,70.0,54.0,33.0,66.0,44.0,37.0,63.0,4
158,3.0,131.0,49.0,59.0,34.0,42.0,32.0,121.0,45.0,37.0,101.0,16.0,35.0,47.0,40.0,73.0,85.0,53.0,34.0,57.0,42.0,57.0,117.0,25.0,47.0,50.0,48.0,4.0,39.0,31.0,49.0,48.0,29.0,34.0,56.0,37.0,40.0,180.0,46.0,52.0,28.0,61.0,29.0,73.0,77.0,35.0,36.0,11.0,22.0,36.0,22.0,106.0,4.0,66.0,103.0,91.0,45.0,42.0,86.0,96.0,4
159,0.0,8.0,8.0,3.0,5.0,12.0,13.0,9.0,20.0,6.0,17.0,11.0,8.0,21.0,1.0,17.0,14.0,9.0,12.0,19.0,15.0,5.0,10.0,14.0,3.0,15.0,12.0,0.0,8.0,10.0,12.0,8.0,9.0,16.0,14.0,20.0,10.0,5.0,8.0,13.0,24.0,8.0,11.0,11.0,15.0,13.0,6.0,4.0,7.0,17.0,2.0,6.0,1.0,8.0,14.0,14.0,10.0,7.0,3.0,12.0,4
160,15.0,60.0,8.0,10.0,26.0,29.0,33.0,12.0,14.0,3.0,10.0,22.0,29.0,23.0,13.0,31.0,17.0,3.0,43.0,33.0,15.0,4.0,8.0,13.0,23.0,29.0,12.0,4.0,16.0,24.0,28.0,24.0,30.0,17.0,5.0,13.0,12.0,27.0,18.0,20.0,22.0,31.0,26.0,17.0,18.0,14.0,48.0,6.0,14.0,28.0,14.0,16.0,2.0,8.0,15.0,9.0,18.0,16.0,24.0,20.0,4
161,12.0,68.0,54.0,27.0,33.0,75.0,24.0,92.0,71.0,42.0,89.0,18.0,99.0,57.0,17.0,84.0,51.0,28.0,22.0,67.0,85.0,62.0,120.0,5.0,17.0,82.0,61.0,6.0,56.0,26.0,62.0,102.0,32.0,59.0,77.0,97.0,56.0,67.0,30.0,56.0,63.0,46.0,39.0,116.0,78.0,61.0,22.0,17.0,51.0,39.0,12.0,103.0,11.0,68.0,126.0,64.0,64.0,59.0,34.0,155.0,4
162,4.0,86.0,35.0,18.0,40.0,42.0,28.0,38.0,29.0,21.0,52.0,10.0,22.0,64.0,9.0,48.0,81.0,27.0,44.0,35.0,28.0,21.0,40.0,23.0,16.0,36.0,26.0,3.0,14.0,30.0,37.0,40.0,44.0,28.0,29.0,44.0,22.0,108.0,34.0,40.0,32.0,57.0,30.0,49.0,40.0,30.0,25.0,10.0,25.0,33.0,12.0,36.0,4.0,19.0,40.0,54.0,27.0,19.0,69.0,46.0,4
163,14.0,12.0,35.0,8.0,19.0,34.0,46.0,87.0,49.0,26.0,45.0,43.0,64.0,26.0,7.0,22.0,37.0,14.0,30.0,19.0,41.0,56.0,87.0,10.0,5.0,28.0,35.0,4.0,61.0,18.0,17.0,34.0,19.0,29.0,40.0,36.0,62.0,38.0,18.0,41.0,30.0,20.0,8.0,31.0,56.0,24.0,13.0,17.0,27.0,19.0,17.0,71.0,11.0,74.0,45.0,44.0,22.0,27.0,48.0,42.0,4
164,26.0,197.0,32.0,139.0,160.0,130.0,102.0,27.0,58.0,20.0,116.0,30.0,68.0,153.0,37.0,151.0,122.0,120.0,93.0,139.0,70.0,32.0,59.0,38.0,90.0,178.0,99.0,14.0,55.0,140.0,171.0,62.0,153.0,45.0,66.0,90.0,36.0,195.0,122.0,119.0,83.0,178.0,102.0,119.0,68.0,145.0,125.0,33.0,36.0,131.0,44.0,71.0,2.0,32.0,64.0,63.0,135.0,49.0,135.0,116.0,4
165,2.0,153.0,81.0,38.0,38.0,77.0,24.0,144.0,88.0,53.0,154.0,14.0,38.0,96.0,25.0,134.0,113.0,46.0,27.0,89.0,62.0,46.0,201.0,12.0,49.0,87.0,50.0,2.0,32.0,41.0,55.0,72.0,33.0,81.0,78.0,76.0,36.0,171.0,64.0,58.0,83.0,92.0,81.0,87.0,125.0,67.0,42.0,13.0,25.0,45.0,19.0,133.0,5.0,143.0,110.0,180.0,62.0,61.0,24.0,105.0,4
166,8.0,147.0,31.0,55.0,35.0,47.0,62.0,93.0,58.0,24.0,53.0,54.0,39.0,72.0,23.0,61.0,71.0,73.0,56.0,54.0,63.0,61.0,83.0,27.0,21.0,48.0,84.0,2.0,43.0,55.0,45.0,37.0,43.0,42.0,42.0,49.0,41.0,119.0,61.0,108.0,41.0,86.0,59.0,77.0,62.0,86.0,27.0,9.0,38.0,56.0,17.0,71.0,11.0,50.0,80.0,54.0,73.0,39.0,85.0,105.0,4
167,1.0,22.0,13.0,1.0,7.0,11.0,10.0,25.0,16.0,10.0,13.0,6.0,8.0,13.0,7.0,5.0,14.0,4.0,19.0,17.0,5.0,13.0,30.0,9.0,11.0,7.0,9.0,0.0,16.0,4.0,4.0,12.0,8.0,16.0,23.0,13.0,13.0,16.0,8.0,11.0,14.0,12.0,8.0,11.0,12.0,3.0,8.0,3.0,13.0,6.0,3.0,17.0,1.0,27.0,6.0,25.0,11.0,19.0,7.0,18.0,4
168,2.0,11.0,16.0,6.0,20.0,31.0,12.0,52.0,27.0,16.0,33.0,28.0,33.0,22.0,2.0,26.0,23.0,9.0,19.0,19.0,39.0,30.0,47.0,11.0,1.0,28.0,29.0,0.0,28.0,30.0,36.0,17.0,26.0,18.0,34.0,31.0,23.0,6.0,10.0,41.0,9.0,14.0,6.0,49.0,50.0,25.0,8.0,4.0,13.0,14.0,2.0,55.0,2.0,34.0,70.0,31.0,21.0,21.0,24.0,56.0,4
169,19.0,252.0,39.0,115.0,53.0,71.0,82.0,34.0,47.0,19.0,47.0,27.0,52.0,84.0,81.0,92.0,67.0,84.0,89.0,74.0,39.0,24.0,37.0,123.0,75.0,80.0,38.0,18.0,47.0,61.0,67.0,36.0,70.0,100.0,53.0,49.0,30.0,190.0,92.0,20.0,98.0,80.0,49.0,41.0,36.0,58.0,67.0,46.0,34.0,60.0,27.0,42.0,2.0,23.0,29.0,37.0,50.0,53.0,166.0,57.0,4
170,24.0,186.0,148.0,80.0,108.0,147.0,109.0,277.0,156.0,101.0,152.0,36.0,133.0,74.0,44.0,134.0,88.0,119.0,121.0,116.0,136.0,143.0,244.0,73.0,65.0,157.0,131.0,18.0,157.0,108.0,183.0,146.0,95.0,133.0,196.0,159.0,133.0,50.0,120.0,146.0,118.0,155.0,122.0,153.0,208.0,149.0,77.0,52.0,137.0,119.0,31.0,221.0,15.0,234.0,183.0,158.0,158.0,102.0,109.0,221.0,4
171,0.0,91.0,1.0,7.0,9.0,0.0,9.0,0.0,3.0,1.0,1.0,1.0,0.0,3.0,2.0,1.0,16.0,4.0,14.0,0.0,1.0,0.0,0.0,4.0,2.0,2.0,1.0,0.0,0.0,11.0,3.0,1.0,5.0,0.0,1.0,0.0,0.0,72.0,4.0,2.0,0.0,1.0,6.0,1.0,0.0,1.0,2.0,1.0,0.0,9.0,3.0,0.0,0.0,0.0,0.0,1.0,0.0,2.0,23.0,2.0,4
172,44.0,101.0,221.0,47.0,70.0,223.0,49.0,406.0,247.0,101.0,372.0,44.0,194.0,130.0,67.0,140.0,136.0,42.0,57.0,146.0,127.0,106.0,342.0,72.0,68.0,142.0,91.0,44.0,197.0,80.0,125.0,232.0,54.0,292.0,368.0,198.0,163.0,96.0,53.0,97.0,226.0,75.0,80.0,185.0,256.0,89.0,49.0,86.0,233.0,73.0,65.0,403.0,20.0,285.0,212.0,287.0,109.0,248.0,55.0,272.0,4
173,9.0,48.0,46.0,22.0,33.0,59.0,18.0,93.0,77.0,54.0,80.0,23.0,47.0,46.0,16.0,38.0,57.0,38.0,21.0,28.0,68.0,55.0,83.0,26.0,19.0,40.0,47.0,9.0,53.0,26.0,42.0,68.0,24.0,41.0,64.0,60.0,48.0,68.0,30.0,62.0,30.0,42.0,30.0,74.0,76.0,63.0,38.0,16.0,54.0,23.0,33.0,108.0,18.0,90.0,83.0,85.0,52.0,50.0,30.0,110.0,4
174,2.0,4.0,3.0,2.0,10.0,8.0,13.0,4.0,9.0,0.0,2.0,3.0,10.0,11.0,10.0,9.0,12.0,5.0,5.0,9.0,3.0,4.0,2.0,6.0,5.0,7.0,5.0,1.0,6.0,13.0,7.0,7.0,2.0,15.0,8.0,10.0,4.0,0.0,12.0,5.0,12.0,23.0,10.0,4.0,4.0,6.0,4.0,2.0,8.0,14.0,3.0,3.0,2.0,1.0,1.0,0.0,4.0,6.0,3.0,3.0,4
175,7.0,26.0,25.0,48.0,81.0,79.0,53.0,48.0,54.0,23.0,81.0,40.0,73.0,59.0,31.0,120.0,62.0,42.0,41.0,114.0,63.0,53.0,55.0,37.0,72.0,135.0,78.0,7.0,67.0,76.0,106.0,54.0,88.0,54.0,58.0,80.0,57.0,37.0,78.0,84.0,84.0,105.0,82.0,79.0,79.0,72.0,78.0,23.0,34.0,79.0,13.0,88.0,6.0,47.0,78.0,42.0,93.0,53.0,44.0,80.0,4
176,0.0,0.0,2.0,0.0,8.0,6.0,1.0,5.0,5.0,1.0,18.0,0.0,2.0,12.0,4.0,7.0,13.0,2.0,1.0,4.0,2.0,1.0,5.0,0.0,1.0,7.0,3.0,0.0,3.0,6.0,5.0,1.0,6.0,5.0,2.0,5.0,5.0,3.0,2.0,11.0,3.0,1.0,4.0,6.0,3.0,1.0,0.0,0.0,1.0,4.0,0.0,3.0,0.0,4.0,10.0,7.0,4.0,4.0,2.0,6.0,4
177,412.0,56.0,61.0,15.0,48.0,173.0,65.0,169.0,150.0,48.0,65.0,66.0,304.0,42.0,58.0,79.0,53.0,29.0,70.0,87.0,114.0,114.0,117.0,244.0,49.0,91.0,74.0,400.0,249.0,52.0,59.0,180.0,35.0,120.0,172.0,222.0,175.0,11.0,47.0,61.0,178.0,61.0,102.0,74.0,175.0,47.0,62.0,251.0,431.0,43.0,240.0,142.0,29.0,131.0,140.0,51.0,53.0,162.0,32.0,124.0,4
178,3.0,149.0,35.0,49.0,67.0,75.0,47.0,84.0,80.0,14.0,97.0,37.0,46.0,60.0,35.0,111.0,75.0,46.0,40.0,93.0,73.0,47.0,87.0,24.0,56.0,97.0,57.0,7.0,77.0,68.0,93.0,88.0,66.0,61.0,101.0,80.0,44.0,171.0,49.0,60.0,64.0,57.0,47.0,97.0,94.0,69.0,54.0,15.0,39.0,93.0,13.0,144.0,2.0,72.0,91.0,58.0,87.0,60.0,79.0,125.0,4
179,5.0,8.0,2.0,11.0,17.0,13.0,19.0,9.0,11.0,7.0,15.0,11.0,15.0,23.0,10.0,7.0,20.0,8.0,15.0,7.0,12.0,7.0,9.0,13.0,13.0,6.0,10.0,2.0,10.0,14.0,8.0,11.0,13.0,5.0,5.0,19.0,10.0,10.0,10.0,3.0,17.0,10.0,14.0,8.0,8.0,5.0,25.0,7.0,11.0,9.0,9.0,7.0,0.0,5.0,9.0,4.0,5.0,5.0,9.0,5.0,4
180,53.0,188.0,28.0,190.0,103.0,162.0,150.0,53.0,118.0,23.0,59.0,93.0,155.0,116.0,38.0,161.0,110.0,238.0,148.0,165.0,77.0,73.0,63.0,110.0,208.0,207.0,98.0,53.0,130.0,97.0,192.0,164.0,90.0,77.0,89.0,207.0,112.0,184.0,261.0,148.0,179.0,295.0,344.0,45.0,91.0,180.0,269.0,57.0,92.0,122.0,72.0,103.0,5.0,62.0,65.0,39.0,243.0,96.0,164.0,79.0,4
181,20.0,40.0,53.0,41.0,74.0,89.0,37.0,114.0,64.0,31.0,99.0,23.0,61.0,40.0,27.0,112.0,43.0,56.0,35.0,78.0,70.0,65.0,102.0,52.0,55.0,116.0,61.0,8.0,62.0,57.0,85.0,54.0,76.0,64.0,78.0,70.0,44.0,26.0,71.0,75.0,64.0,100.0,61.0,76.0,96.0,92.0,77.0,55.0,45.0,65.0,33.0,130.0,3.0,72.0,84.0,77.0,80.0,72.0,50.0,117.0,4
182,0.0,2.0,38.0,7.0,19.0,22.0,14.0,50.0,15.0,11.0,58.0,15.0,20.0,25.0,3.0,20.0,18.0,11.0,14.0,13.0,28.0,36.0,56.0,1.0,1.0,26.0,38.0,1.0,18.0,16.0,21.0,27.0,17.0,16.0,22.0,19.0,19.0,3.0,6.0,34.0,2.0,17.0,15.0,60.0,52.0,30.0,3.0,1.0,7.0,12.0,0.0,53.0,1.0,49.0,50.0,39.0,21.0,15.0,11.0,52.0,4
183,21.0,32.0,17.0,35.0,53.0,90.0,50.0,55.0,66.0,16.0,52.0,32.0,74.0,59.0,59.0,114.0,60.0,47.0,62.0,123.0,84.0,50.0,84.0,15.0,83.0,89.0,81.0,21.0,44.0,45.0,84.0,80.0,42.0,55.0,102.0,75.0,54.0,58.0,46.0,84.0,96.0,56.0,72.0,81.0,91.0,72.0,47.0,11.0,46.0,55.0,36.0,92.0,3.0,63.0,71.0,38.0,54.0,50.0,53.0,109.0,4
184,42.0,166.0,26.0,134.0,134.0,71.0,89.0,26.0,50.0,26.0,79.0,38.0,39.0,125.0,84.0,93.0,113.0,130.0,74.0,87.0,62.0,27.0,52.0,168.0,64.0,86.0,47.0,32.0,51.0,83.0,93.0,60.0,113.0,63.0,38.0,63.0,50.0,204.0,86.0,60.0,80.0,139.0,68.0,89.0,38.0,83.0,80.0,71.0,49.0,91.0,55.0,52.0,1.0,19.0,56.0,55.0,64.0,74.0,157.0,70.0,4
185,4.0,20.0,29.0,48.0,31.0,34.0,21.0,62.0,54.0,35.0,60.0,21.0,34.0,45.0,17.0,61.0,62.0,57.0,26.0,30.0,39.0,36.0,64.0,23.0,13.0,40.0,30.0,8.0,33.0,35.0,39.0,45.0,32.0,35.0,34.0,50.0,29.0,42.0,23.0,42.0,26.0,46.0,30.0,62.0,35.0,26.0,25.0,19.0,25.0,28.0,10.0,53.0,5.0,55.0,51.0,46.0,37.0,33.0,62.0,41.0,4
186,81.0,239.0,45.0,168.0,100.0,172.0,70.0,74.0,151.0,51.0,148.0,68.0,120.0,226.0,78.0,242.0,196.0,158.0,79.0,228.0,80.0,54.0,103.0,79.0,177.0,164.0,94.0,92.0,112.0,93.0,133.0,188.0,107.0,115.0,145.0,171.0,103.0,240.0,159.0,103.0,257.0,241.0,256.0,79.0,107.0,130.0,120.0,86.0,123.0,77.0,81.0,129.0,27.0,86.0,94.0,111.0,159.0,115.0,180.0,101.0,4
187,11.0,58.0,14.0,56.0,58.0,52.0,53.0,21.0,26.0,13.0,34.0,13.0,33.0,40.0,69.0,50.0,48.0,83.0,45.0,50.0,35.0,23.0,18.0,86.0,54.0,51.0,40.0,20.0,19.0,43.0,67.0,28.0,61.0,16.0,26.0,34.0,24.0,65.0,54.0,45.0,34.0,85.0,45.0,36.0,45.0,55.0,39.0,49.0,30.0,51.0,37.0,22.0,0.0,26.0,34.0,23.0,48.0,23.0,68.0,49.0,4
188,4.0,34.0,8.0,15.0,15.0,15.0,15.0,19.0,9.0,4.0,17.0,9.0,10.0,17.0,17.0,18.0,13.0,9.0,24.0,12.0,11.0,8.0,25.0,26.0,16.0,8.0,16.0,0.0,18.0,18.0,15.0,6.0,8.0,9.0,11.0,8.0,12.0,17.0,10.0,20.0,14.0,23.0,19.0,23.0,12.0,19.0,13.0,6.0,3.0,11.0,7.0,9.0,1.0,17.0,16.0,10.0,18.0,6.0,11.0,26.0,4
189,12.0,81.0,5.0,61.0,33.0,32.0,20.0,5.0,14.0,8.0,8.0,14.0,36.0,34.0,30.0,35.0,20.0,57.0,37.0,28.0,23.0,12.0,16.0,26.0,28.0,31.0,16.0,6.0,18.0,17.0,41.0,30.0,33.0,9.0,14.0,41.0,14.0,102.0,55.0,16.0,18.0,27.0,28.0,19.0,8.0,20.0,52.0,10.0,14.0,30.0,16.0,15.0,4.0,3.0,9.0,5.0,27.0,7.0,83.0,17.0,4
190,5.0,13.0,25.0,31.0,25.0,31.0,35.0,30.0,28.0,16.0,45.0,21.0,59.0,36.0,3.0,29.0,30.0,65.0,22.0,29.0,30.0,36.0,38.0,5.0,4.0,36.0,50.0,2.0,27.0,19.0,29.0,36.0,34.0,15.0,35.0,42.0,34.0,46.0,12.0,79.0,21.0,18.0,39.0,51.0,47.0,59.0,21.0,5.0,23.0,21.0,6.0,54.0,2.0,39.0,57.0,37.0,42.0,9.0,73.0,51.0,4
191,494.0,1636.0,396.0,1756.0,2080.0,1862.0,1208.0,587.0,889.0,326.0,1026.0,475.0,1162.0,1408.0,486.0,2728.0,1324.0,1321.0,1267.0,2475.0,1088.0,517.0,778.0,814.0,1686.0,3027.0,1200.0,369.0,651.0,1691.0,2636.0,1103.0,1911.0,628.0,1214.0,1510.0,671.0,1509.0,1743.0,1187.0,1335.0,2192.0,1471.0,1601.0,1054.0,1298.0,2095.0,848.0,875.0,1792.0,599.0,1244.0,69.0,470.0,1119.0,632.0,1416.0,628.0,1716.0,1512.0,4
192,7.0,65.0,6.0,56.0,27.0,20.0,54.0,15.0,22.0,8.0,21.0,22.0,25.0,26.0,34.0,24.0,24.0,25.0,71.0,34.0,13.0,17.0,25.0,14.0,19.0,31.0,32.0,7.0,27.0,47.0,33.0,27.0,22.0,27.0,20.0,21.0,32.0,26.0,42.0,34.0,16.0,34.0,34.0,15.0,23.0,41.0,23.0,19.0,14.0,50.0,24.0,24.0,10.0,26.0,12.0,7.0,38.0,21.0,36.0,27.0,4
193,241.0,760.0,169.0,314.0,492.0,586.0,690.0,374.0,382.0,193.0,310.0,685.0,918.0,282.0,383.0,665.0,292.0,264.0,594.0,607.0,472.0,605.0,441.0,1222.0,326.0,795.0,425.0,184.0,582.0,339.0,720.0,483.0,432.0,421.0,436.0,679.0,690.0,352.0,378.0,273.0,526.0,400.0,331.0,423.0,560.0,280.0,617.0,554.0,459.0,286.0,321.0,538.0,69.0,301.0,649.0,185.0,303.0,368.0,385.0,703.0,4
194,7.0,272.0,139.0,89.0,140.0,144.0,98.0,297.0,149.0,89.0,172.0,63.0,94.0,101.0,36.0,160.0,95.0,72.0,99.0,121.0,127.0,112.0,258.0,71.0,48.0,183.0,110.0,23.0,126.0,121.0,184.0,124.0,114.0,83.0,218.0,153.0,111.0,141.0,151.0,146.0,103.0,178.0,104.0,185.0,191.0,123.0,88.0,33.0,125.0,134.0,47.0,286.0,29.0,205.0,180.0,147.0,125.0,113.0,115.0,252.0,4
195,70.0,198.0,35.0,196.0,118.0,110.0,132.0,38.0,65.0,27.0,62.0,63.0,128.0,116.0,103.0,123.0,115.0,195.0,156.0,118.0,75.0,38.0,44.0,118.0,145.0,130.0,82.0,36.0,79.0,141.0,130.0,82.0,100.0,66.0,44.0,115.0,87.0,164.0,272.0,117.0,150.0,250.0,178.0,75.0,68.0,135.0,281.0,100.0,72.0,125.0,103.0,62.0,11.0,30.0,64.0,38.0,152.0,72.0,214.0,60.0,4
196,1300.0,176.0,296.0,75.0,107.0,805.0,120.0,431.0,859.0,226.0,196.0,137.0,798.0,176.0,395.0,431.0,163.0,104.0,127.0,523.0,223.0,248.0,338.0,188.0,455.0,297.0,163.0,1448.0,906.0,93.0,190.0,937.0,107.0,780.0,841.0,982.0,765.0,230.0,344.0,190.0,1117.0,320.0,340.0,182.0,519.0,168.0,381.0,557.0,1726.0,102.0,799.0,451.0,225.0,360.0,276.0,193.0,165.0,833.0,111.0,308.0,4
197,25.0,206.0,105.0,44.0,68.0,106.0,125.0,319.0,110.0,99.0,103.0,162.0,209.0,62.0,32.0,116.0,47.0,41.0,101.0,90.0,195.0,236.0,317.0,38.0,28.0,129.0,182.0,13.0,187.0,60.0,151.0,129.0,61.0,102.0,180.0,143.0,176.0,138.0,99.0,134.0,79.0,98.0,70.0,150.0,277.0,109.0,33.0,39.0,97.0,44.0,31.0,299.0,23.0,266.0,303.0,104.0,81.0,106.0,100.0,289.0,4
198,0.0,8.0,1.0,1.0,9.0,6.0,11.0,4.0,7.0,4.0,1.0,3.0,7.0,5.0,3.0,2.0,4.0,3.0,12.0,2.0,2.0,2.0,2.0,12.0,0.0,8.0,1.0,0.0,3.0,4.0,7.0,5.0,7.0,7.0,1.0,2.0,2.0,9.0,11.0,6.0,2.0,9.0,3.0,0.0,4.0,10.0,9.0,3.0,3.0,10.0,8.0,5.0,0.0,2.0,1.0,2.0,4.0,2.0,8.0,7.0,4
199,176.0,176.0,111.0,147.0,83.0,204.0,73.0,191.0,273.0,113.0,131.0,61.0,216.0,94.0,168.0,201.0,92.0,112.0,55.0,217.0,124.0,115.0,183.0,129.0,155.0,190.0,87.0,136.0,227.0,91.0,167.0,316.0,82.0,295.0,278.0,287.0,226.0,197.0,116.0,84.0,368.0,188.0,138.0,148.0,236.0,85.0,133.0,92.0,327.0,87.0,233.0,253.0,28.0,159.0,212.0,110.0,111.0,283.0,135.0,249.0,4
